Nombre,Puntos de habilidad,#items,Item 1,Item 2,Item 3,Item 4,Item 5,Item 6,Item 7,Item 8
Margo,12,3,Piedra de iluminación,Poción de vida,Lanza de oscuridad
Antonio,21,6,Arco y flechas,Escudo de luz,Ballesta,Anillo de protección,Espada,Escudo de madera
Robert18,45,3,Espada,Anillo de vida,Espada de cristal
Maryjane,88,3,Varita de rayos,Arco de hielo,Varita de estrellas
Rickey2,68,6,Hacha doble,Hacha de relámpago,Daga,Cetro de sabiduría,Cetro de fuego,Martillo de destrucción
Edward5,15,2,Casco de respiración,Escudo de luz
Jackie,77,4,Espada de cristal,Poción de regeneración,Hacha doble,Armadura de cuero
George5,80,4,Escudo de madera,Varita de rayos,Arco de viento,Lanza de oscuridad
John20,52,6,Anillo de vida,Arco largo,Piedra de iluminación,Capa del viento,Espada de cristal,Libro de runas
Peter4,52,8,Casco de sabiduría,Armadura de cuero,Grimorio antiguo,Casco de batalla,Botas de resistencia,Varita de estrellas,Arco y flechas,Arco de viento
Terry6,23,3,Poción de escarcha,Martillo de destrucción,Amuleto de curación
Virginia3,33,8,Poción de escarcha,Cinturón de levitación,Hacha de relámpago,Armadura de mithril,Poción de resistencia,Poción de curación,Escudo de espinas,Armadura de cuero
Wesley2,45,7,Armadura de cristal,Martillo de destrucción,Hacha de piedra,Casco de sabiduría,Casco de hierro,Amuleto de poder,Poción de regeneración
Charles9,17,5,Grimorio de sombras,Varita de rayos,Escudo,Espada de cristal,Ballesta pesada
Anthony6,55,2,Armadura de oscuridad,Flechas de fuego
Maria6,64,6,Poción de velocidad,Hacha de relámpago,Poción de vida,Cetro de hielo,Armadura de mithril,Arco largo
Cynthia2,62,4,Arco de viento,Hacha doble,Varita de estrellas,Daga
Colleen,100,2,Ballesta pesada,Amuleto de poder
Jasmine2,53,5,Guantes de escalada,Lanza de oscuridad,Grimorio de sombras,Lanza,Varita mágica
John19,83,5,Cuchillo de sombras,Poción de regeneración,Piedra de teletransporte,Anillo de teletransporte,Varita mágica
Ted2,37,6,Libro de runas,Espada de cristal,Anillo de protección,Cetro de sabiduría,Poción de armadura,Capa del viento
Richard12,94,6,Daga,Grimorio de sombras,Cuchillo arrojadizo,Amuleto de curación,Casco de batalla,Escudo de espinas
Sergio,15,6,Flechas envenenadas,Arco y flechas,Martillo de destrucción,Espada,Capa de sombras,Anillo de evasión
Erica,73,5,Arco largo,Ballesta pesada,Armadura de acero,Casco de hierro,Libro de encantamientos
Robin6,45,4,Cuchillo arrojadizo,Armadura de oscuridad,Poción de rapidez,Poción de resistencia
Anthony5,61,1,Libro de encantamientos
Janet2,68,2,Espada,Collar de serpiente
Adam3,47,4,Ballesta,Lanza de oscuridad,Cuchillo de sombras,Arco de hielo
David16,24,7,Cuchillo arrojadizo,Hacha de piedra,Poción de invisibilidad,Poción de escarcha,Libro de runas,Martillo de guerra,Casco de hierro
Florine,94,7,Escudo de luz,Arco de viento,Cinturón de levitación,Amuleto de poder,Capa de invisibilidad,Cuchillo de sombras,Ballesta
Kathryn2,16,4,Pergamino de sellado,Casco de cuero,Varita de estrellas,Ballesta pesada
Theresa5,85,5,Casco de batalla,Espada de fuego,Poción de resistencia,Flechas envenenadas,Casco de cuero
David15,28,8,Varita de rayos,Casco de sabiduría,Espada de fuego,Escudo de madera,Poción de resistencia,Poción de regeneración,Poción de vuelo,Martillo de guerra
Rebecca5,26,2,Grimorio antiguo,Collar de serpiente
Anne2,89,6,Poción de sueño,Poción de curación,Capa del viento,Lanza de luz,Hacha de piedra,Ballesta
Lloyd3,37,1,Armadura de acero
Pamela4,89,6,Armadura de huesos,Piedra de teletransporte,Botas de agilidad,Libro de runas,Arco largo,Poción de velocidad
Numbers,21,3,Lanza de luz,Libro de hechizos,Capa de invisibilidad
William10,42,1,Cuchillo de viento
James14,90,8,Poción de resistencia,Pergamino de resurrección,Arco de hielo,Antorcha mágica,Botas de resistencia,Capa del viento,Cuchillo arrojadizo,Casco de sabiduría
Benjamin,65,6,Anillo de protección,Capa del viento,Armadura de oscuridad,Armadura de mithril,Amuleto de poder,Casco de batalla
Abby,79,3,Casco de respiración,Hacha de piedra,Poción de resistencia
Charlotte,82,5,Cinturón de levitación,Armadura de huesos,Armadura de mithril,Pergamino de sellado,Piedra de revivir
Manuel2,59,8,Ballesta,Varita mágica,Poción de curación,Cinturón de levitación,Pergamino de invocación,Flechas de fuego,Anillo de evasión,Libro de encantamientos
Marvin2,10,6,Armadura de cuero,Hacha doble,Botas de resistencia,Poción de velocidad,Lanza,Piedra de revivir
Anabel,97,3,Pergamino de resurrección,Hacha de relámpago,Varita de rayos
Mary11,78,1,Casco de visión
Stephen5,90,8,Pergamino de tormenta,Antorcha mágica,Poción de vuelo,Capa de sombras,Arco de hielo,Cetro de sabiduría,Armadura de escamas,Guantes de escalada
Cindy2,48,2,Armadura de escamas,Botas de salto
Maria5,79,8,Cetro de sabiduría,Capa del viento,Cetro de fuego,Poción de vida,Grimorio antiguo,Escudo de luz,Amuleto de poder,Guantes de escalada
Steven6,78,2,Flechas de fuego,Poción de vida
Joseph6,71,3,Escudo de luz,Poción de fuerza,Arco y flechas
Kathryn,95,4,Cota de malla,Libro de encantamientos,Martillo de guerra,Hacha de guerra
April4,37,4,Lanza,Poción de velocidad,Pergamino de sellado,Martillo de destrucción
Robert17,100,1,Hacha de relámpago
Carmela,76,6,Antorcha mágica,Casco de respiración,Espada de fuego,Armadura de mithril,Piedra de teletransporte,Cuchillo arrojadizo
Danielle,12,8,Hacha de piedra,Poción de sueño,Flechas de fuego,Guantes de destreza,Varita de control mental,Hacha doble,Piedra de revivir,Armadura de oscuridad
Terry5,78,4,Hacha de relámpago,Pergamino de sellado,Armadura de escamas,Ballesta
David14,70,4,Amuleto de curación,Armadura de huesos,Grimorio antiguo,Casco de cuero
Latricia,81,1,Hacha de relámpago
Theresa4,69,8,Martillo de destrucción,Armadura de acero,Armadura de mithril,Casco de respiración,Anillo de vida,Casco de hierro,Varita mágica,Libro de encantamientos
Ramona,75,2,Cadenas de restricción,Pergamino de sellado
Maria4,81,6,Armadura de cuero,Espada de fuego,Poción de sueño,Guantes de destreza,Poción de escarcha,Armadura de cristal
Regina4,64,3,Hacha de relámpago,Piedra de teletransporte,Casco de hierro
Charles8,92,3,Armadura de cristal,Casco de cuero,Escudo de luz
Terry4,48,5,Cetro de sabiduría,Armadura de cuero,Varita mágica,Cuchillo de viento,Botas de agilidad
Beth,69,8,Capa de sombras,Martillo de destrucción,Poción de armadura,Escudo de luz,Cetro de hielo,Varita de estrellas,Poción de curación,Hacha de relámpago
Harrison,86,5,Cuchillo de sombras,Botas de salto,Casco de respiración,Casco de hierro,Poción de regeneración
Carmen2,19,3,Armadura de acero,Amuleto de curación,Hacha de guerra
Jean2,30,7,Escudo de espinas,Casco de batalla,Piedra de teletransporte,Libro de encantamientos,Anillo de evasión,Grimorio antiguo,Ballesta
Steven5,75,3,Hacha doble,Amuleto de curación,Pergamino de sellado
Kay,22,5,Amuleto de poder,Libro de encantamientos,Ballesta,Arco largo,Poción de sueño
Frank5,17,7,Cuchillo de viento,Espada de fuego,Poción de escarcha,Poción de sueño,Antorcha mágica,Cota de malla,Capa del viento
Maria3,47,8,Armadura de acero,Antorcha mágica,Poción de fuerza,Poción de vida,Casco de visión,Ballesta pesada,Cadenas de restricción,Espada de fuego
Tyrone2,14,1,Botas de resistencia
Paul6,23,7,Brazalete de fuerza,Poción de velocidad,Armadura de oscuridad,Hacha de piedra,Casco de batalla,Poción de vida,Cetro de fuego
Franklin,47,5,Armadura de cuero,Botas de salto,Grimorio de sombras,Libro de encantamientos,Piedra de teletransporte
Margaret8,65,4,Capa de sombras,Hacha de piedra,Casco de respiración,Hacha doble
Mary10,88,3,Cadenas de restricción,Lanza de oscuridad,Hacha de relámpago
Penny,43,6,Cota de malla,Poción de escarcha,Poción de invisibilidad,Cuchillo de viento,Guantes de escalada,Cuchillo de sombras
Richard11,33,6,Piedra de revivir,Piedra de iluminación,Poción de rapidez,Capa de sombras,Hacha de relámpago,Cetro de fuego
David13,12,2,Antorcha mágica,Pergamino de tormenta
Edward4,50,7,Piedra de iluminación,Brazalete de fuerza,Ballesta,Casco de cuero,Armadura de cuero,Lanza de oscuridad,Antorcha mágica
Jeremiah,15,3,Casco de cuero,Guantes de destreza,Pergamino de invocación
Clayton,24,6,Cetro de sabiduría,Poción de resistencia,Escudo de madera,Pergamino de resurrección,Hacha de relámpago,Varita de control mental
Eloise,50,3,Lanza de oscuridad,Poción de rapidez,Piedra de revivir
John18,19,3,Guantes de destreza,Cetro de sabiduría,Cetro de fuego
Ida,22,6,Guantes de escalada,Piedra de revivir,Poción de invisibilidad,Libro de runas,Armadura de cuero,Varita de estrellas
Grace,51,1,Flechas envenenadas
Martin4,72,8,Poción de sueño,Grimorio antiguo,Capa de invisibilidad,Escudo,Poción de curación,Arco y flechas,Escudo de espinas,Hacha doble
Danny2,95,1,Poción de armadura
Lawrence3,50,7,Escudo de espinas,Brazalete de fuerza,Anillo de vida,Armadura de huesos,Cadenas de restricción,Anillo de protección,Casco de sabiduría
Kenneth3,41,3,Lanza de luz,Pergamino de invocación,Anillo de protección
John17,78,4,Amuleto de curación,Cetro de hielo,Poción de vida,Armadura de escamas
Betty5,92,7,Espada de cristal,Armadura de huesos,Grimorio antiguo,Amuleto de poder,Hacha de relámpago,Cota de malla,Botas de agilidad
Joshua3,96,2,Pergamino de tormenta,Cetro de hielo
Peggy3,12,3,Pergamino de resurrección,Escudo de espinas,Bastón de tierra
Martin3,54,4,Botas de salto,Cetro de sabiduría,Poción de regeneración,Anillo de vida
Caroline,40,6,Brazalete de fuerza,Cetro de hielo,Cota de malla,Collar de serpiente,Espada de fuego,Casco de hierro
April3,15,4,Amuleto de curación,Armadura de cristal,Armadura de oscuridad,Cadenas de restricción
Mark5,23,2,Brazalete de fuerza,Escudo de espinas
Katherine,100,8,Amuleto de curación,Flechas de fuego,Capa de invisibilidad,Escudo de espinas,Poción de escarcha,Libro de hechizos,Piedra de revivir,Grimorio de sombras
Gloria2,86,4,Capa de invisibilidad,Anillo de teletransporte,Botas de agilidad,Casco de hierro
Amanda2,73,6,Pergamino de resurrección,Cuchillo de sombras,Cetro de fuego,Casco de sabiduría,Botas de resistencia,Piedra de iluminación
Dennis2,62,3,Guantes de destreza,Espada,Casco de cuero
James13,20,4,Anillo de teletransporte,Hacha de relámpago,Escudo de madera,Armadura de oscuridad
Miriam2,94,7,Ballesta,Casco de hierro,Martillo de guerra,Pergamino de invocación,Capa de sombras,Capa del viento,Poción de resistencia
Samuel2,33,4,Pergamino de resurrección,Poción de armadura,Armadura de huesos,Escudo de madera
Kim3,59,5,Armadura de oscuridad,Escudo,Varita de rayos,Escudo de espinas,Espada de cristal
Margery,62,6,Lanza de oscuridad,Pergamino de sellado,Poción de vuelo,Casco de batalla,Varita mágica,Daga
Brenda7,55,7,Poción de invisibilidad,Piedra de iluminación,Pergamino de sellado,Arco largo,Anillo de protección,Armadura de cristal,Bastón de tierra
Dorothy3,61,4,Poción de armadura,Bastón de tierra,Pergamino de resurrección,Varita de estrellas
Pearl,61,3,Pergamino de tormenta,Armadura de escamas,Pergamino de sellado
Kathy2,65,1,Espada
Ann3,10,6,Amuleto de poder,Anillo de evasión,Pergamino de resurrección,Varita mágica,Armadura de huesos,Collar de serpiente
Blake,19,2,Poción de rapidez,Hacha de guerra
Regina3,40,7,Escudo de luz,Casco de sabiduría,Armadura de oscuridad,Botas de resistencia,Espada,Poción de invisibilidad,Poción de velocidad
Jennifer5,64,7,Anillo de protección,Botas de agilidad,Grimorio de sombras,Poción de fuerza,Libro de runas,Casco de hierro,Espada de cristal
Dora,58,7,Armadura de cuero,Espada,Arco y flechas,Arco de hielo,Varita de rayos,Poción de armadura,Cuchillo de sombras
Becky,74,3,Espada de cristal,Armadura de huesos,Cetro de fuego
Louis,81,4,Poción de curación,Arco de hielo,Casco de hierro,Hacha doble
Refugio,57,6,Pergamino de resurrección,Poción de invisibilidad,Casco de batalla,Capa de invisibilidad,Collar de serpiente,Armadura de acero
Amy2,93,4,Botas de agilidad,Varita de rayos,Grimorio antiguo,Cinturón de levitación
Timothy5,100,8,Amuleto de curación,Flechas envenenadas,Casco de batalla,Cuchillo de sombras,Poción de regeneración,Armadura de escamas,Piedra de teletransporte,Casco de cuero
Alex2,46,8,Lanza,Daga,Poción de vuelo,Cetro de hielo,Espada,Guantes de escalada,Anillo de protección,Poción de armadura
Manuel,57,2,Arco largo,Piedra de fuerza
Rod,31,5,Piedra de teletransporte,Cadenas de restricción,Poción de armadura,Ballesta,Anillo de evasión
Carol4,34,6,Armadura de escamas,Poción de resistencia,Espada de cristal,Escudo de luz,Hacha de piedra,Pergamino de invocación
Mildred2,78,8,Piedra de teletransporte,Poción de resistencia,Armadura de cuero,Casco de batalla,Cinturón de levitación,Cuchillo de viento,Flechas envenenadas,Varita de estrellas
Stacie,93,5,Armadura de cristal,Espada de cristal,Amuleto de curación,Cuchillo arrojadizo,Grimorio de sombras
Patsy2,73,7,Ballesta,Anillo de protección,Botas de resistencia,Libro de hechizos,Casco de cuero,Lanza de oscuridad,Capa del viento
Anthony4,97,7,Guantes de escalada,Ballesta pesada,Escudo,Daga,Cetro de fuego,Grimorio de sombras,Bastón de tierra
James12,46,5,Cinturón de levitación,Poción de regeneración,Casco de batalla,Arco de viento,Capa del viento
Cristine,13,7,Libro de encantamientos,Piedra de fuerza,Anillo de protección,Amuleto de poder,Poción de curación,Guantes de escalada,Lanza
Shenika,91,8,Cuchillo de sombras,Cinturón de levitación,Cadenas de restricción,Pergamino de tormenta,Botas de resistencia,Armadura de acero,Anillo de protección,Hacha de piedra
Alice3,98,3,Botas de resistencia,Poción de invisibilidad,Poción de vida
Frank4,58,3,Cinturón de levitación,Capa de invisibilidad,Piedra de teletransporte
Tommy,63,3,Casco de visión,Poción de armadura,Hacha de relámpago
James11,54,1,Escudo de madera
Jose5,81,6,Poción de curación,Botas de agilidad,Martillo de guerra,Poción de velocidad,Hacha de piedra,Casco de cuero
Erin2,35,1,Armadura de acero
Earl3,71,6,Poción de rapidez,Cetro de hielo,Espada,Poción de curación,Botas de salto,Daga
Stephen4,96,7,Espada,Botas de agilidad,Arco largo,Cetro de hielo,Poción de armadura,Poción de vuelo,Amuleto de poder
Joan,19,5,Libro de runas,Bastón de ilusiones,Pergamino de invocación,Casco de sabiduría,Piedra de fuerza
Margaret7,12,7,Piedra de teletransporte,Poción de vida,Poción de curación,Varita mágica,Flechas de fuego,Poción de invisibilidad,Poción de resistencia
Mickey,29,8,Poción de vida,Hacha de guerra,Hacha de piedra,Lanza,Cuchillo arrojadizo,Flechas envenenadas,Armadura de mithril,Libro de runas
Kelli,58,6,Poción de escarcha,Piedra de revivir,Poción de vuelo,Anillo de vida,Varita de rayos,Botas de resistencia
Dianne,72,2,Libro de encantamientos,Pergamino de tormenta
James10,94,8,Pergamino de invocación,Pergamino de resurrección,Flechas envenenadas,Daga,Hacha de guerra,Varita de control mental,Espada de fuego,Anillo de vida
Ada,90,4,Libro de hechizos,Escudo,Poción de fuerza,Poción de velocidad
Jesse3,55,4,Escudo,Grimorio antiguo,Cuchillo arrojadizo,Casco de visión
Sabrina2,39,5,Varita de estrellas,Pergamino de invocación,Lanza,Daga,Poción de fuerza
Derick,90,4,Hacha de guerra,Armadura de cuero,Casco de cuero,Pergamino de resurrección
Richard10,53,8,Cetro de fuego,Escudo,Daga,Armadura de huesos,Lanza,Flechas envenenadas,Casco de batalla,Amuleto de curación
Toby,69,3,Poción de armadura,Poción de velocidad,Escudo de espinas
Virginia2,25,1,Cetro de sabiduría
Andrew2,30,4,Poción de regeneración,Amuleto de poder,Pergamino de sellado,Pergamino de resurrección
Jessica7,87,1,Poción de vuelo
Carroll,77,6,Varita mágica,Armadura de mithril,Grimorio antiguo,Cetro de sabiduría,Lanza,Armadura de acero
Laura6,44,3,Bastón de tierra,Pergamino de resurrección,Daga
Randall,83,2,Pergamino de resurrección,Piedra de revivir
David12,96,4,Hacha de piedra,Poción de armadura,Flechas envenenadas,Arco y flechas
John16,47,7,Casco de respiración,Lanza de luz,Cetro de fuego,Martillo de destrucción,Capa de sombras,Grimorio antiguo,Poción de armadura
Mary9,34,3,Anillo de protección,Armadura de huesos,Cetro de fuego
Melanie3,45,5,Poción de velocidad,Anillo de evasión,Cuchillo arrojadizo,Flechas envenenadas,Casco de hierro
Opal,100,1,Piedra de iluminación
Abigail,77,4,Casco de cuero,Armadura de oscuridad,Espada de cristal,Capa de invisibilidad
Kevin3,93,6,Cinturón de levitación,Armadura de acero,Armadura de escamas,Botas de salto,Hacha doble,Pergamino de invocación
Randy,59,3,Arco largo,Capa del viento,Cadenas de restricción
Paul5,53,8,Cinturón de levitación,Flechas envenenadas,Armadura de cristal,Flechas de fuego,Varita de rayos,Pergamino de invocación,Collar de serpiente,Cota de malla
Patrick2,81,7,Armadura de acero,Poción de vuelo,Piedra de revivir,Varita de estrellas,Arco de viento,Ballesta pesada,Martillo de guerra
Glenn3,40,6,Capa de sombras,Bastón de ilusiones,Ballesta,Armadura de oscuridad,Arco largo,Poción de armadura
Pamela3,18,8,Escudo de espinas,Martillo de guerra,Flechas envenenadas,Casco de batalla,Poción de sueño,Espada,Lanza de luz,Piedra de iluminación
Jeannine,66,1,Pergamino de sellado
Luke,88,7,Arco y flechas,Libro de runas,Armadura de cristal,Grimorio antiguo,Botas de agilidad,Cuchillo de sombras,Piedra de fuerza
Sandra3,16,5,Varita de control mental,Poción de fuerza,Flechas de fuego,Guantes de destreza,Armadura de huesos
Lesa,63,2,Piedra de teletransporte,Capa de invisibilidad
Thomas9,47,5,Poción de resistencia,Cetro de fuego,Poción de curación,Poción de armadura,Espada de fuego
Debbie2,32,8,Botas de resistencia,Amuleto de curación,Hacha de piedra,Anillo de teletransporte,Espada,Poción de velocidad,Armadura de cristal,Guantes de destreza
Maurice,68,8,Escudo,Daga,Brazalete de fuerza,Botas de agilidad,Poción de curación,Armadura de cuero,Poción de fuerza,Armadura de escamas
Dewayne,49,6,Hacha de guerra,Pergamino de sellado,Lanza de luz,Grimorio antiguo,Piedra de teletransporte,Poción de vuelo
Frank3,32,5,Hacha de guerra,Grimorio de sombras,Martillo de destrucción,Arco de hielo,Hacha doble
Julie2,98,8,Botas de resistencia,Escudo de luz,Escudo,Antorcha mágica,Cetro de sabiduría,Anillo de teletransporte,Hacha de guerra,Grimorio de sombras
Teresa3,88,8,Piedra de teletransporte,Poción de curación,Brazalete de fuerza,Martillo de guerra,Poción de velocidad,Poción de vida,Arco largo,Armadura de cristal
Kevin2,38,2,Armadura de cristal,Armadura de mithril
Michael13,90,3,Amuleto de poder,Lanza de oscuridad,Cuchillo de sombras
Micheal2,26,3,Armadura de oscuridad,Guantes de escalada,Poción de rapidez
Leona2,33,5,Armadura de acero,Lanza,Piedra de iluminación,Piedra de teletransporte,Piedra de fuerza
Mae2,43,4,Ballesta,Brazalete de fuerza,Cota de malla,Cetro de sabiduría
Helen7,50,6,Lanza,Arco largo,Libro de hechizos,Pergamino de sellado,Cetro de fuego,Anillo de evasión
Marion3,62,3,Botas de salto,Cinturón de levitación,Piedra de teletransporte
Kimberly6,73,8,Ballesta,Cinturón de levitación,Ballesta pesada,Casco de respiración,Varita de estrellas,Botas de resistencia,Poción de escarcha,Cetro de hielo
Linda9,55,5,Piedra de teletransporte,Casco de hierro,Casco de cuero,Capa de sombras,Cuchillo de viento
Teresa2,71,5,Poción de escarcha,Casco de sabiduría,Casco de batalla,Armadura de oscuridad,Cuchillo arrojadizo
Myrtle,25,5,Casco de cuero,Casco de hierro,Casco de sabiduría,Cota de malla,Espada de cristal
Robert16,60,5,Poción de sueño,Ballesta pesada,Piedra de fuerza,Armadura de cristal,Lanza de luz
Marion2,59,5,Escudo de espinas,Lanza de luz,Poción de velocidad,Cetro de fuego,Pergamino de invocación
Marco,42,7,Hacha doble,Casco de visión,Poción de resistencia,Varita de rayos,Guantes de destreza,Grimorio de sombras,Hacha de guerra
Martha4,42,5,Poción de resistencia,Casco de sabiduría,Guantes de destreza,Lanza,Libro de hechizos
Scott2,21,6,Arco y flechas,Cota de malla,Lanza,Cuchillo de sombras,Lanza de oscuridad,Cetro de sabiduría
Tonya,51,1,Anillo de evasión
Joseph5,27,6,Arco largo,Casco de batalla,Grimorio antiguo,Amuleto de poder,Poción de resistencia,Guantes de destreza
Nellie3,38,7,Antorcha mágica,Anillo de evasión,Arco de hielo,Arco y flechas,Piedra de revivir,Espada de fuego,Cota de malla
John15,38,6,Casco de respiración,Anillo de teletransporte,Poción de regeneración,Poción de invisibilidad,Casco de visión,Flechas envenenadas
Gordon,73,1,Piedra de iluminación
Christopher5,50,5,Ballesta pesada,Arco y flechas,Pergamino de sellado,Casco de batalla,Daga
Tyrone,61,5,Capa de invisibilidad,Armadura de cristal,Cinturón de levitación,Hacha de relámpago,Martillo de guerra
Eddie,35,2,Casco de hierro,Escudo de luz
Harold3,53,6,Hacha de guerra,Pergamino de sellado,Hacha de relámpago,Ballesta,Collar de serpiente,Poción de velocidad
Stacey2,38,6,Libro de encantamientos,Flechas envenenadas,Bastón de tierra,Pergamino de sellado,Pergamino de invocación,Amuleto de poder
Steven4,64,5,Pergamino de resurrección,Casco de hierro,Poción de velocidad,Capa de sombras,Lanza de oscuridad
James9,19,6,Cota de malla,Cuchillo arrojadizo,Anillo de evasión,Pergamino de sellado,Poción de resistencia,Bastón de ilusiones
Geraldine3,15,6,Casco de cuero,Flechas de fuego,Amuleto de curación,Lanza,Anillo de evasión,Piedra de teletransporte
Ian,34,2,Botas de agilidad,Casco de batalla
Christopher4,60,8,Piedra de revivir,Brazalete de fuerza,Piedra de iluminación,Armadura de escamas,Libro de encantamientos,Casco de respiración,Botas de salto,Cetro de sabiduría
Brenda6,61,4,Arco largo,Martillo de guerra,Piedra de teletransporte,Capa de sombras
Peter3,55,2,Escudo de luz,Pergamino de resurrección
Robert15,44,7,Casco de hierro,Escudo,Escudo de espinas,Cinturón de levitación,Armadura de huesos,Casco de sabiduría,Martillo de destrucción
Jenna,17,4,Armadura de cristal,Espada,Poción de fuerza,Poción de invisibilidad
Steven3,80,3,Varita de estrellas,Poción de rapidez,Armadura de oscuridad
Marie2,96,4,Cuchillo de sombras,Piedra de iluminación,Lanza de oscuridad,Escudo de madera
Alyson,36,3,Libro de hechizos,Cetro de sabiduría,Casco de batalla
Belinda,50,4,Collar de serpiente,Capa de invisibilidad,Poción de armadura,Lanza
Tammy,68,5,Daga,Cetro de fuego,Arco de viento,Guantes de destreza,Cetro de hielo
Richard9,82,6,Anillo de vida,Casco de visión,Anillo de teletransporte,Bastón de ilusiones,Anillo de evasión,Botas de resistencia
Minh,73,6,Espada,Armadura de acero,Casco de cuero,Hacha de guerra,Casco de sabiduría,Casco de visión
Suzanne,84,7,Poción de curación,Bastón de ilusiones,Hacha de relámpago,Brazalete de fuerza,Guantes de destreza,Escudo,Cuchillo arrojadizo
Larry2,94,4,Escudo de luz,Poción de resistencia,Arco y flechas,Botas de resistencia
Dorothy2,17,4,Anillo de teletransporte,Varita de estrellas,Varita de rayos,Espada de fuego
Graciela,11,7,Casco de hierro,Capa de sombras,Daga,Ballesta pesada,Grimorio antiguo,Brazalete de fuerza,Amuleto de curación
Mark4,60,1,Cetro de hielo
Robert14,66,6,Ballesta pesada,Capa de invisibilidad,Anillo de teletransporte,Lanza,Brazalete de fuerza,Armadura de huesos
Santos,90,4,Casco de hierro,Casco de visión,Espada de cristal,Bastón de ilusiones
Russell2,63,3,Armadura de oscuridad,Poción de regeneración,Poción de sueño
Kurt,17,7,Libro de runas,Poción de regeneración,Escudo de espinas,Amuleto de poder,Libro de hechizos,Varita de rayos,Varita mágica
Aldo,22,2,Martillo de guerra,Escudo de luz
Joseph4,44,2,Cuchillo de viento,Anillo de evasión
David11,14,1,Poción de velocidad
Eldon,21,8,Anillo de protección,Espada de fuego,Anillo de evasión,Escudo,Libro de runas,Botas de salto,Varita de control mental,Cetro de sabiduría
Richard8,80,1,Casco de visión
Rich2,97,1,Libro de runas
Francisco2,92,4,Varita mágica,Varita de control mental,Cetro de sabiduría,Grimorio de sombras
Mary8,16,1,Poción de escarcha
Michael12,84,5,Pergamino de resurrección,Capa de sombras,Anillo de protección,Escudo de espinas,Espada de cristal
Lela,41,5,Flechas de fuego,Ballesta pesada,Casco de cuero,Collar de serpiente,Cetro de sabiduría
Robert13,92,4,Casco de batalla,Arco de viento,Arco de hielo,Ballesta
Frederick2,27,3,Cuchillo de sombras,Hacha doble,Varita de estrellas
Eric5,96,2,Poción de regeneración,Arco largo
Beulah,72,7,Varita de control mental,Cinturón de levitación,Casco de hierro,Poción de armadura,Cetro de fuego,Escudo,Cetro de hielo
Jack,65,5,Bastón de ilusiones,Poción de vida,Capa del viento,Botas de salto,Botas de resistencia
Thomas8,78,2,Piedra de iluminación,Flechas de fuego
Carl2,10,6,Anillo de evasión,Botas de salto,Anillo de vida,Casco de sabiduría,Botas de resistencia,Bastón de tierra
Josephine,37,8,Poción de velocidad,Anillo de teletransporte,Armadura de cuero,Pergamino de resurrección,Hacha de relámpago,Lanza,Poción de rapidez,Piedra de revivir
Roxanna,45,8,Guantes de destreza,Martillo de guerra,Escudo de madera,Armadura de cuero,Arco de viento,Piedra de revivir,Cuchillo arrojadizo,Botas de resistencia
John14,55,7,Daga,Poción de sueño,Piedra de iluminación,Lanza,Hacha doble,Anillo de vida,Escudo de espinas
Bobby3,73,1,Poción de rapidez
Jose4,26,2,Flechas envenenadas,Anillo de vida
Daphne,64,8,Casco de batalla,Poción de vuelo,Cetro de hielo,Casco de hierro,Cuchillo arrojadizo,Lanza de oscuridad,Antorcha mágica,Anillo de vida
Rhonda,24,8,Pergamino de invocación,Poción de invisibilidad,Armadura de cuero,Hacha de piedra,Poción de fuerza,Poción de curación,Collar de serpiente,Poción de escarcha
Sherry2,38,6,Grimorio de sombras,Poción de escarcha,Martillo de destrucción,Escudo de madera,Casco de batalla,Varita de control mental
Stacy3,94,7,Poción de rapidez,Piedra de iluminación,Poción de armadura,Armadura de cuero,Hacha doble,Poción de fuerza,Espada de fuego
William9,84,3,Ballesta pesada,Arco de hielo,Bastón de tierra
Jared2,75,7,Escudo de luz,Poción de vuelo,Cinturón de levitación,Poción de invisibilidad,Cadenas de restricción,Poción de armadura,Pergamino de tormenta
Richard7,88,4,Amuleto de curación,Antorcha mágica,Flechas envenenadas,Poción de sueño
Patricia5,17,2,Armadura de mithril,Botas de salto
Joe2,37,6,Casco de cuero,Escudo,Hacha de relámpago,Casco de visión,Guantes de escalada,Espada
Liana,61,8,Pergamino de resurrección,Escudo de luz,Poción de regeneración,Cuchillo de sombras,Poción de vuelo,Poción de invisibilidad,Casco de cuero,Piedra de teletransporte
Byron,51,8,Cetro de hielo,Pergamino de sellado,Anillo de teletransporte,Varita de estrellas,Escudo de luz,Grimorio de sombras,Poción de resistencia,Poción de rapidez
Katie,83,1,Lanza
Scott,100,3,Varita de control mental,Poción de armadura,Cetro de fuego
Thomas7,51,7,Arco y flechas,Piedra de iluminación,Piedra de teletransporte,Antorcha mágica,Libro de encantamientos,Armadura de escamas,Escudo
Judy,66,4,Capa de sombras,Collar de serpiente,Pergamino de invocación,Poción de velocidad
Lawrence2,39,1,Arco de viento
Ronald4,81,3,Grimorio antiguo,Varita mágica,Piedra de iluminación
Bonnie,47,3,Piedra de revivir,Cuchillo arrojadizo,Casco de cuero
Francisco,51,7,Armadura de oscuridad,Armadura de cristal,Poción de vida,Casco de sabiduría,Varita de rayos,Capa de sombras,Arco largo
Stephen3,54,8,Hacha de guerra,Arco de viento,Armadura de huesos,Varita de rayos,Martillo de destrucción,Poción de sueño,Capa de sombras,Antorcha mágica
Mark3,64,4,Escudo de espinas,Cota de malla,Guantes de destreza,Arco largo
Barbara7,38,7,Pergamino de tormenta,Poción de fuerza,Flechas de fuego,Capa del viento,Arco y flechas,Espada de cristal,Poción de curación
Keisha,94,1,Pergamino de sellado
James8,11,1,Hacha de relámpago
Linda8,18,2,Cetro de fuego,Martillo de guerra
Alex,41,1,Poción de invisibilidad
Erin,81,4,Martillo de destrucción,Piedra de fuerza,Lanza de luz,Grimorio antiguo
Earl2,84,4,Antorcha mágica,Armadura de escamas,Espada,Hacha doble
Derrick,89,3,Piedra de fuerza,Libro de hechizos,Poción de velocidad
Steve3,98,4,Amuleto de curación,Lanza de oscuridad,Piedra de iluminación,Arco y flechas
Robert12,20,8,Cuchillo arrojadizo,Botas de agilidad,Casco de batalla,Bastón de tierra,Poción de regeneración,Armadura de oscuridad,Cetro de hielo,Bastón de ilusiones
Dawn,43,7,Piedra de teletransporte,Hacha de piedra,Varita de estrellas,Bastón de tierra,Casco de hierro,Poción de velocidad,Casco de sabiduría
Meagan,36,2,Poción de resistencia,Pergamino de tormenta
Adam2,33,3,Escudo de luz,Cuchillo arrojadizo,Capa de invisibilidad
Francis2,100,4,Cota de malla,Anillo de teletransporte,Amuleto de curación,Flechas envenenadas
Kathy,27,3,Poción de sueño,Piedra de teletransporte,Armadura de huesos
Lewis,41,1,Poción de curación
Charles7,91,5,Ballesta pesada,Anillo de teletransporte,Poción de resistencia,Amuleto de curación,Hacha de guerra
Jessica6,25,6,Piedra de revivir,Guantes de destreza,Pergamino de tormenta,Ballesta,Poción de sueño,Casco de sabiduría
Timothy4,100,3,Cuchillo de viento,Poción de armadura,Espada de fuego
Stephen2,59,3,Casco de respiración,Pergamino de invocación,Ballesta
Nancy2,28,3,Bastón de ilusiones,Lanza de luz,Piedra de iluminación
Marjorie4,96,7,Poción de escarcha,Hacha de piedra,Piedra de teletransporte,Flechas envenenadas,Armadura de mithril,Anillo de protección,Cuchillo de sombras
Logan,34,8,Cuchillo de sombras,Piedra de iluminación,Cetro de hielo,Martillo de guerra,Guantes de destreza,Poción de invisibilidad,Flechas envenenadas,Antorcha mágica
Laura5,98,2,Anillo de evasión,Armadura de cristal
Douglas4,25,8,Piedra de fuerza,Cetro de hielo,Espada,Amuleto de poder,Piedra de teletransporte,Anillo de vida,Armadura de mithril,Capa de invisibilidad
Melvin,39,3,Piedra de revivir,Poción de rapidez,Libro de runas
Barbara6,66,6,Poción de escarcha,Espada,Libro de encantamientos,Amuleto de curación,Amuleto de poder,Armadura de huesos
Janet,23,5,Armadura de oscuridad,Varita de rayos,Capa de invisibilidad,Poción de regeneración,Ballesta
John13,16,2,Escudo,Brazalete de fuerza
Sally,25,7,Armadura de cuero,Cuchillo de viento,Poción de curación,Espada de fuego,Botas de resistencia,Hacha de piedra,Poción de escarcha
Amos,70,8,Antorcha mágica,Grimorio antiguo,Escudo de luz,Pergamino de invocación,Poción de vida,Libro de encantamientos,Amuleto de curación,Anillo de evasión
Lisa6,39,4,Armadura de cuero,Martillo de destrucción,Armadura de escamas,Lanza
Lori2,52,8,Libro de encantamientos,Antorcha mágica,Escudo de espinas,Botas de salto,Armadura de cristal,Escudo de madera,Lanza de luz,Libro de hechizos
Paul4,43,1,Escudo de luz
Samuel,54,7,Hacha de piedra,Arco de viento,Anillo de teletransporte,Brazalete de fuerza,Lanza de oscuridad,Amuleto de poder,Poción de vuelo
Dixie,16,7,Hacha de guerra,Cinturón de levitación,Flechas envenenadas,Poción de vuelo,Libro de encantamientos,Poción de fuerza,Armadura de cristal
Dovie,55,6,Piedra de teletransporte,Poción de escarcha,Guantes de destreza,Armadura de cuero,Ballesta pesada,Espada de fuego
Alfredo,89,3,Escudo,Poción de velocidad,Anillo de teletransporte
Sylvia,84,6,Antorcha mágica,Grimorio de sombras,Poción de regeneración,Casco de visión,Lanza de oscuridad,Arco de viento
Sheila2,84,7,Bastón de tierra,Capa de invisibilidad,Poción de armadura,Arco de viento,Casco de hierro,Piedra de teletransporte,Armadura de acero
Eleanor,99,2,Amuleto de poder,Flechas envenenadas
Miguel2,22,2,Pergamino de tormenta,Collar de serpiente
Patsy,32,4,Anillo de teletransporte,Capa del viento,Varita mágica,Hacha doble
Robert11,53,7,Guantes de escalada,Anillo de protección,Poción de rapidez,Grimorio de sombras,Poción de curación,Ballesta,Guantes de destreza
Linda7,49,3,Daga,Cuchillo arrojadizo,Lanza de luz
Susan5,47,2,Espada,Varita de rayos
Cruz,49,2,Grimorio antiguo,Arco de viento
Raymond5,44,5,Escudo de luz,Bastón de ilusiones,Escudo de espinas,Armadura de oscuridad,Poción de regeneración
Dale2,16,2,Espada de cristal,Hacha de guerra
Tina2,85,2,Casco de respiración,Martillo de guerra
Joshua2,88,2,Pergamino de invocación,Cinturón de levitación
German,36,7,Cinturón de levitación,Escudo de espinas,Anillo de teletransporte,Botas de agilidad,Daga,Arco de viento,Lanza de oscuridad
John12,13,1,Poción de armadura
Mary7,91,4,Escudo,Cetro de hielo,Lanza,Collar de serpiente
Claudia,78,7,Poción de curación,Antorcha mágica,Casco de hierro,Libro de runas,Arco de viento,Poción de vida,Anillo de vida
Brian4,50,5,Espada de fuego,Cuchillo arrojadizo,Anillo de teletransporte,Piedra de fuerza,Flechas envenenadas
Anthony3,15,6,Poción de resistencia,Libro de hechizos,Arco de viento,Casco de cuero,Casco de sabiduría,Casco de visión
Miriam,11,7,Armadura de cuero,Pergamino de sellado,Libro de hechizos,Varita mágica,Bastón de tierra,Daga,Martillo de guerra
Rachel2,73,3,Amuleto de curación,Casco de batalla,Bastón de ilusiones
Tom,78,3,Armadura de oscuridad,Arco largo,Martillo de destrucción
Margaret6,45,6,Armadura de mithril,Guantes de escalada,Poción de velocidad,Casco de respiración,Casco de visión,Cadenas de restricción
Dave3,81,2,Grimorio antiguo,Poción de vuelo
Anne,78,6,Botas de agilidad,Arco de hielo,Hacha de piedra,Piedra de teletransporte,Bastón de tierra,Anillo de vida
Erik,93,7,Espada de fuego,Poción de vida,Cadenas de restricción,Poción de resistencia,Casco de batalla,Pergamino de sellado,Casco de respiración
Janice2,64,3,Capa de invisibilidad,Libro de hechizos,Escudo de espinas
Alexander,15,6,Arco largo,Poción de velocidad,Poción de vida,Flechas envenenadas,Poción de vuelo,Hacha de guerra
Kimberly5,68,6,Lanza,Escudo de luz,Martillo de destrucción,Varita mágica,Espada,Casco de visión
Henry3,65,8,Arco de hielo,Piedra de revivir,Bastón de tierra,Daga,Poción de velocidad,Capa de invisibilidad,Cuchillo de viento,Cetro de fuego
Barry,98,5,Poción de resistencia,Bastón de ilusiones,Poción de sueño,Casco de sabiduría,Flechas envenenadas
Barbara5,16,3,Anillo de teletransporte,Poción de sueño,Hacha de piedra
Roscoe,75,2,Hacha de piedra,Anillo de vida
Matthew2,54,4,Casco de sabiduría,Lanza,Varita de estrellas,Botas de resistencia
Nicole3,85,5,Casco de cuero,Pergamino de sellado,Cinturón de levitación,Escudo,Bastón de tierra
Brent,80,1,Armadura de huesos
George4,97,3,Cuchillo de viento,Pergamino de tormenta,Hacha de guerra
Theresa3,98,8,Armadura de acero,Armadura de huesos,Cinturón de levitación,Armadura de escamas,Lanza,Armadura de cristal,Hacha de piedra,Botas de resistencia
Tim,94,7,Escudo,Piedra de iluminación,Flechas envenenadas,Varita de control mental,Poción de curación,Daga,Hacha de relámpago
Margaret5,33,8,Capa de invisibilidad,Varita mágica,Ballesta pesada,Cuchillo de sombras,Varita de rayos,Pergamino de invocación,Lanza de oscuridad,Arco de viento
Ivan,62,4,Grimorio antiguo,Arco y flechas,Guantes de destreza,Varita de control mental
Winston,78,5,Ballesta,Poción de curación,Anillo de evasión,Libro de runas,Pergamino de resurrección
Henry2,87,1,Espada
Shirley2,37,1,Poción de velocidad
Peggy2,83,6,Grimorio de sombras,Poción de rapidez,Cuchillo de sombras,Daga,Guantes de escalada,Anillo de vida
Vaughn,30,7,Arco de hielo,Capa de sombras,Botas de salto,Varita de control mental,Hacha de guerra,Espada de fuego,Piedra de teletransporte
Kathleen3,16,7,Guantes de destreza,Cuchillo arrojadizo,Escudo de madera,Anillo de vida,Poción de vida,Lanza de luz,Poción de curación
Jared,94,5,Libro de encantamientos,Amuleto de poder,Espada de fuego,Varita mágica,Hacha doble
Cindy,76,5,Casco de visión,Piedra de iluminación,Ballesta pesada,Poción de vuelo,Anillo de evasión
Jerome2,56,4,Armadura de cuero,Martillo de guerra,Flechas de fuego,Arco largo
Susie,49,6,Poción de velocidad,Hacha de piedra,Escudo,Brazalete de fuerza,Casco de sabiduría,Armadura de cuero
Jean,64,3,Cuchillo de sombras,Casco de visión,Botas de resistencia
Myrna,94,5,Anillo de teletransporte,Antorcha mágica,Flechas envenenadas,Poción de invisibilidad,Capa de sombras
Cleo,51,2,Hacha de piedra,Cadenas de restricción
Peggy,63,2,Casco de batalla,Daga
Mary6,46,5,Cinturón de levitación,Arco de hielo,Capa de sombras,Grimorio antiguo,Anillo de vida
Geraldine2,69,1,Casco de respiración
Loyd,68,8,Ballesta pesada,Varita mágica,Capa de sombras,Cuchillo de viento,Armadura de huesos,Botas de salto,Amuleto de poder,Poción de regeneración
Patricia4,38,6,Piedra de fuerza,Cuchillo de viento,Poción de regeneración,Capa del viento,Poción de resistencia,Anillo de protección
Alice2,51,5,Cetro de hielo,Bastón de ilusiones,Poción de vuelo,Martillo de destrucción,Cuchillo de sombras
Sabrina,71,3,Hacha de relámpago,Arco de hielo,Poción de sueño
Gene,57,4,Casco de cuero,Capa de sombras,Poción de regeneración,Cetro de sabiduría
Holly,43,3,Martillo de guerra,Pergamino de invocación,Piedra de iluminación
Jesus,42,3,Espada de fuego,Piedra de fuerza,Anillo de teletransporte
Michael11,86,3,Cetro de fuego,Cinturón de levitación,Libro de hechizos
Dale,23,2,Cuchillo de sombras,Guantes de destreza
Enrique,83,8,Varita de estrellas,Escudo de espinas,Capa de sombras,Antorcha mágica,Poción de curación,Poción de armadura,Cuchillo de sombras,Espada de fuego
Brenda5,52,2,Armadura de huesos,Cadenas de restricción
Sharon,52,8,Cuchillo de viento,Escudo de espinas,Poción de resistencia,Flechas envenenadas,Piedra de fuerza,Pergamino de resurrección,Poción de vida,Lanza
Lisa5,47,1,Espada de fuego
Marjorie3,12,7,Botas de salto,Poción de escarcha,Pergamino de tormenta,Daga,Arco largo,Botas de resistencia,Capa de sombras
Christopher3,70,3,Casco de sabiduría,Cuchillo de viento,Piedra de teletransporte
Regina2,13,4,Escudo,Casco de hierro,Poción de curación,Pergamino de sellado
Thomas6,12,7,Cuchillo arrojadizo,Arco de viento,Espada de cristal,Casco de hierro,Anillo de evasión,Poción de vuelo,Cinturón de levitación
Yesenia,29,3,Cetro de hielo,Botas de salto,Poción de regeneración
Cynthia,87,7,Espada de fuego,Armadura de mithril,Piedra de fuerza,Cetro de sabiduría,Libro de runas,Armadura de cuero,Armadura de escamas
David10,73,7,Antorcha mágica,Collar de serpiente,Anillo de evasión,Poción de velocidad,Escudo,Grimorio antiguo,Varita mágica
Raymond4,31,1,Pergamino de invocación
Oscar,45,1,Varita de estrellas
Luis2,56,5,Brazalete de fuerza,Varita de rayos,Poción de rapidez,Flechas de fuego,Piedra de fuerza
Juana,83,4,Botas de salto,Espada de cristal,Bastón de tierra,Poción de escarcha
Marjorie2,55,1,Pergamino de resurrección
John11,43,7,Piedra de iluminación,Cuchillo arrojadizo,Poción de armadura,Cota de malla,Grimorio de sombras,Flechas envenenadas,Armadura de cuero
Genia,56,8,Poción de fuerza,Varita de control mental,Collar de serpiente,Cuchillo de viento,Armadura de huesos,Hacha doble,Armadura de escamas,Poción de resistencia
Michael10,81,6,Brazalete de fuerza,Anillo de vida,Piedra de teletransporte,Arco largo,Anillo de protección,Casco de hierro
Bret,15,6,Varita de rayos,Espada,Pergamino de invocación,Arco de hielo,Anillo de vida,Casco de visión
Michael9,50,6,Armadura de cristal,Piedra de fuerza,Guantes de escalada,Cuchillo de sombras,Libro de runas,Pergamino de resurrección
Marvin,78,1,Anillo de teletransporte
Margaret4,42,1,Escudo de espinas
Donald7,62,7,Hacha de relámpago,Cetro de sabiduría,Hacha de guerra,Capa de invisibilidad,Casco de visión,Hacha doble,Ballesta pesada
Gloria,23,6,Cuchillo de sombras,Poción de escarcha,Amuleto de curación,Armadura de huesos,Cota de malla,Poción de invisibilidad
Ruth3,88,3,Pergamino de sellado,Amuleto de poder,Poción de vida
Sarah4,67,4,Grimorio antiguo,Casco de hierro,Casco de sabiduría,Casco de respiración
Christina4,41,3,Poción de armadura,Armadura de huesos,Poción de invisibilidad
Joshua,28,5,Poción de vida,Lanza de luz,Casco de batalla,Poción de fuerza,Escudo de madera
Jesse2,39,8,Ballesta,Armadura de escamas,Espada,Varita de control mental,Armadura de oscuridad,Casco de hierro,Guantes de escalada,Armadura de acero
Sherry,85,6,Grimorio de sombras,Poción de fuerza,Poción de armadura,Cetro de hielo,Poción de escarcha,Botas de agilidad
Cesar,38,2,Piedra de revivir,Cuchillo arrojadizo
James7,54,6,Bastón de tierra,Poción de fuerza,Armadura de mithril,Capa del viento,Armadura de cuero,Lanza
Charles6,38,3,Lanza de luz,Cadenas de restricción,Martillo de guerra
Sarah3,89,5,Ballesta pesada,Escudo de luz,Bastón de tierra,Piedra de iluminación,Armadura de cristal
Glenn2,97,3,Lanza de oscuridad,Casco de hierro,Poción de vuelo
Sheila,97,8,Ballesta,Hacha de piedra,Poción de resistencia,Grimorio antiguo,Arco de viento,Escudo de luz,Amuleto de poder,Armadura de mithril
Alma,28,2,Anillo de protección,Anillo de teletransporte
Donald6,74,1,Lanza de oscuridad
Frances3,53,3,Botas de salto,Guantes de escalada,Brazalete de fuerza
Kim2,32,4,Poción de armadura,Anillo de teletransporte,Brazalete de fuerza,Capa de invisibilidad
Walter2,31,1,Armadura de oscuridad
Sophia,67,6,Hacha doble,Armadura de cristal,Casco de visión,Libro de runas,Grimorio antiguo,Guantes de destreza
Jane2,31,7,Brazalete de fuerza,Collar de serpiente,Varita mágica,Hacha doble,Poción de resistencia,Escudo de madera,Cadenas de restricción
David9,73,7,Grimorio antiguo,Ballesta,Casco de hierro,Flechas envenenadas,Cetro de hielo,Hacha de guerra,Anillo de protección
Craig2,36,8,Pergamino de invocación,Armadura de mithril,Hacha de piedra,Daga,Lanza de oscuridad,Armadura de huesos,Espada de fuego,Varita mágica
Kenneth2,35,6,Botas de agilidad,Poción de regeneración,Armadura de cristal,Varita de rayos,Piedra de fuerza,Escudo de espinas
Agnes,10,8,Amuleto de curación,Capa de invisibilidad,Armadura de mithril,Lanza de luz,Cinturón de levitación,Flechas de fuego,Cetro de fuego,Varita de estrellas
Jane,90,8,Anillo de teletransporte,Pergamino de invocación,Armadura de cuero,Bastón de tierra,Armadura de cristal,Guantes de escalada,Hacha de piedra,Guantes de destreza
Arthur,18,2,Bastón de ilusiones,Arco de hielo
Greg2,80,7,Casco de sabiduría,Lanza de oscuridad,Piedra de iluminación,Pergamino de invocación,Martillo de guerra,Poción de resistencia,Poción de rapidez
Tony,43,4,Armadura de cristal,Cadenas de restricción,Armadura de mithril,Lanza de oscuridad
Bernard3,49,5,Hacha doble,Poción de escarcha,Hacha de guerra,Amuleto de poder,Escudo de madera
Carol3,57,8,Hacha de relámpago,Lanza,Piedra de fuerza,Hacha de piedra,Armadura de cuero,Amuleto de curación,Armadura de acero,Botas de agilidad
Barbara4,62,5,Lanza,Escudo de luz,Poción de regeneración,Arco y flechas,Arco de viento
James6,65,1,Lanza de luz
Yvonne,95,5,Espada,Pergamino de resurrección,Poción de vuelo,Armadura de cuero,Cuchillo de viento
Robert10,20,6,Anillo de vida,Hacha de guerra,Botas de salto,Martillo de guerra,Cota de malla,Poción de regeneración
Stacy2,78,3,Bastón de tierra,Libro de runas,Brazalete de fuerza
Frank2,79,6,Lanza de luz,Pergamino de tormenta,Pergamino de resurrección,Piedra de fuerza,Poción de resistencia,Armadura de cristal
Gertrude5,87,5,Poción de armadura,Hacha doble,Armadura de cuero,Arco y flechas,Hacha de guerra
Chuck2,52,3,Grimorio antiguo,Libro de encantamientos,Poción de resistencia
Roland,73,4,Espada,Pergamino de sellado,Piedra de fuerza,Lanza de oscuridad
Edward3,51,2,Poción de regeneración,Bastón de tierra
Shana,55,3,Cadenas de restricción,Pergamino de resurrección,Capa de sombras
Wayne,45,1,Piedra de fuerza
Melanie2,14,3,Anillo de protección,Martillo de guerra,Botas de resistencia
Ronald3,65,3,Cuchillo de viento,Poción de resistencia,Capa de invisibilidad
Julia2,24,2,Casco de batalla,Guantes de escalada
Lynn,66,1,Hacha de guerra
April2,56,7,Poción de regeneración,Casco de visión,Arco de viento,Capa del viento,Escudo de luz,Anillo de teletransporte,Bastón de tierra
Tara2,97,2,Espada de fuego,Poción de invisibilidad
Nicole2,28,6,Poción de velocidad,Bastón de tierra,Flechas envenenadas,Hacha de guerra,Botas de resistencia,Piedra de revivir
Joe,37,7,Varita de rayos,Piedra de iluminación,Brazalete de fuerza,Arco y flechas,Espada de cristal,Cetro de hielo,Poción de vuelo
Sara3,46,1,Pergamino de sellado
Lillian2,13,4,Casco de batalla,Martillo de destrucción,Collar de serpiente,Bastón de ilusiones
Gwendolyn,49,2,Amuleto de curación,Capa de invisibilidad
Jonathan2,61,4,Armadura de oscuridad,Poción de resistencia,Poción de regeneración,Armadura de huesos
Sandra2,100,3,Casco de batalla,Arco de hielo,Antorcha mágica
Peter2,77,5,Cota de malla,Poción de rapidez,Casco de sabiduría,Espada de cristal,Poción de fuerza
Theresa2,10,7,Capa del viento,Ballesta,Espada de fuego,Guantes de escalada,Cadenas de restricción,Pergamino de tormenta,Amuleto de curación
Michael8,25,1,Varita de rayos
Wesley,50,7,Daga,Grimorio de sombras,Poción de vida,Anillo de vida,Arco largo,Cadenas de restricción,Armadura de cristal
Bobby2,69,1,Martillo de guerra
Lillian,75,2,Botas de agilidad,Lanza de oscuridad
Tiffany2,12,6,Hacha de guerra,Flechas envenenadas,Espada,Amuleto de curación,Libro de encantamientos,Cetro de fuego
Richard6,98,4,Arco y flechas,Bastón de ilusiones,Piedra de fuerza,Flechas envenenadas
John10,15,6,Armadura de escamas,Escudo,Anillo de teletransporte,Casco de respiración,Lanza,Pergamino de resurrección
Susan4,89,8,Lanza de oscuridad,Collar de serpiente,Poción de vuelo,Piedra de iluminación,Casco de respiración,Varita mágica,Anillo de protección,Armadura de huesos
Jose3,78,5,Arco largo,Brazalete de fuerza,Martillo de guerra,Hacha doble,Ballesta pesada
Jasmine,15,2,Pergamino de sellado,Collar de serpiente
David8,57,7,Capa del viento,Grimorio de sombras,Cuchillo de viento,Poción de rapidez,Cinturón de levitación,Pergamino de resurrección,Piedra de iluminación
Douglas3,32,7,Varita de estrellas,Hacha de guerra,Cuchillo de viento,Anillo de evasión,Piedra de fuerza,Casco de visión,Varita de rayos
Melissa2,13,2,Piedra de iluminación,Martillo de destrucción
Robert9,91,2,Bastón de tierra,Lanza
Hilary,27,8,Cuchillo arrojadizo,Poción de velocidad,Piedra de teletransporte,Ballesta pesada,Grimorio antiguo,Piedra de revivir,Espada,Pergamino de sellado
Nancy,66,5,Piedra de teletransporte,Escudo,Libro de hechizos,Pergamino de tormenta,Daga
Chuck,73,5,Arco de hielo,Pergamino de sellado,Guantes de escalada,Libro de runas,Pergamino de invocación
Carrol,52,3,Armadura de mithril,Botas de agilidad,Flechas de fuego
Thomas5,39,2,Pergamino de sellado,Guantes de escalada
Ginger,29,6,Cadenas de restricción,Capa de sombras,Hacha de relámpago,Libro de encantamientos,Varita de estrellas,Bastón de ilusiones
Mary5,60,7,Poción de fuerza,Escudo de madera,Piedra de iluminación,Grimorio antiguo,Hacha de piedra,Poción de vida,Lanza
Carolyn,32,6,Casco de visión,Grimorio antiguo,Flechas de fuego,Guantes de destreza,Capa del viento,Lanza
Valarie,84,7,Lanza de oscuridad,Collar de serpiente,Martillo de destrucción,Varita de control mental,Martillo de guerra,Capa de sombras,Cetro de fuego
Marilyn,32,6,Piedra de revivir,Varita de estrellas,Arco largo,Piedra de fuerza,Casco de cuero,Martillo de guerra
Alfred,53,7,Poción de rapidez,Poción de vuelo,Escudo de luz,Poción de curación,Armadura de oscuridad,Hacha doble,Poción de sueño
Robert8,33,3,Varita de estrellas,Cuchillo de viento,Lanza de luz
Robin5,36,7,Guantes de escalada,Flechas envenenadas,Martillo de guerra,Escudo de espinas,Espada de cristal,Cetro de fuego,Pergamino de invocación
Rosa,15,2,Espada,Flechas envenenadas
Adam,64,5,Botas de resistencia,Libro de runas,Martillo de destrucción,Flechas de fuego,Armadura de huesos
Thomas4,69,2,Espada de fuego,Escudo de espinas
Robin4,28,7,Hacha doble,Poción de sueño,Casco de respiración,Casco de batalla,Pergamino de invocación,Lanza de oscuridad,Arco de viento
John9,14,7,Pergamino de resurrección,Amuleto de curación,Brazalete de fuerza,Pergamino de tormenta,Arco de viento,Poción de fuerza,Cetro de fuego
Helen6,43,5,Poción de regeneración,Varita de control mental,Hacha de relámpago,Arco de viento,Poción de velocidad
Jennifer4,66,5,Poción de armadura,Cuchillo de viento,Martillo de guerra,Ballesta,Poción de velocidad
Karen4,65,5,Anillo de evasión,Cadenas de restricción,Piedra de iluminación,Casco de visión,Varita de rayos
Ann2,94,8,Libro de runas,Cuchillo de viento,Escudo de espinas,Cinturón de levitación,Varita de estrellas,Cetro de hielo,Poción de escarcha,Escudo
Evelyn2,75,5,Botas de resistencia,Cuchillo de sombras,Brazalete de fuerza,Ballesta pesada,Amuleto de poder
Carol2,67,7,Libro de encantamientos,Cetro de hielo,Arco largo,Espada,Varita mágica,Ballesta pesada,Arco de hielo
Diana,16,5,Poción de curación,Poción de vuelo,Pergamino de resurrección,Libro de encantamientos,Espada
Darlene,86,1,Poción de regeneración
Carter,75,3,Arco y flechas,Casco de respiración,Flechas envenenadas
Helen5,81,2,Pergamino de invocación,Poción de vida
Karen3,34,8,Anillo de evasión,Piedra de revivir,Capa del viento,Capa de invisibilidad,Casco de sabiduría,Botas de agilidad,Escudo,Poción de vida
Jefferey,44,7,Libro de hechizos,Bastón de ilusiones,Cadenas de restricción,Antorcha mágica,Hacha de guerra,Arco de viento,Botas de agilidad
Eliza,21,6,Anillo de protección,Flechas de fuego,Martillo de guerra,Grimorio de sombras,Cetro de sabiduría,Libro de runas
Deanna,74,3,Botas de resistencia,Piedra de revivir,Pergamino de invocación
Shirley,69,1,Casco de hierro
Myra,43,5,Poción de sueño,Poción de fuerza,Lanza de luz,Casco de cuero,Poción de rapidez
Patricia3,63,6,Armadura de mithril,Libro de runas,Cota de malla,Botas de agilidad,Pergamino de resurrección,Anillo de vida
Timothy3,52,6,Cetro de sabiduría,Botas de salto,Botas de agilidad,Flechas envenenadas,Libro de hechizos,Anillo de protección
Richard5,13,7,Poción de armadura,Poción de velocidad,Daga,Poción de vuelo,Casco de batalla,Botas de salto,Espada de cristal
Haley,97,6,Pergamino de invocación,Poción de velocidad,Casco de sabiduría,Piedra de revivir,Piedra de fuerza,Poción de armadura
Kelly4,47,4,Cota de malla,Cadenas de restricción,Libro de runas,Bastón de ilusiones
Gerald,37,3,Poción de escarcha,Arco y flechas,Casco de batalla
Lauren,79,1,Casco de sabiduría
Mitchell,12,6,Flechas envenenadas,Anillo de teletransporte,Piedra de fuerza,Arco largo,Flechas de fuego,Poción de sueño
Kathleen2,24,5,Varita mágica,Ballesta pesada,Botas de salto,Lanza,Grimorio antiguo
Donald5,64,3,Armadura de escamas,Casco de sabiduría,Hacha de piedra
Donald4,100,1,Casco de sabiduría
Helen4,95,5,Botas de resistencia,Daga,Arco de hielo,Casco de hierro,Armadura de mithril
Roger2,76,5,Martillo de destrucción,Piedra de teletransporte,Escudo de espinas,Poción de fuerza,Armadura de cuero
Mattie,53,2,Martillo de destrucción,Anillo de teletransporte
Steve2,55,7,Pergamino de sellado,Cetro de sabiduría,Botas de salto,Casco de cuero,Hacha de relámpago,Anillo de teletransporte,Poción de resistencia
Kent2,86,4,Lanza,Libro de encantamientos,Armadura de oscuridad,Arco de viento
Tabatha,94,2,Pergamino de invocación,Piedra de revivir
Shannon3,28,4,Cuchillo de sombras,Armadura de cristal,Poción de regeneración,Poción de rapidez
Lisa4,95,7,Poción de resistencia,Cuchillo de sombras,Cuchillo arrojadizo,Armadura de mithril,Arco de viento,Martillo de destrucción,Poción de vida
Joseph3,33,6,Amuleto de poder,Botas de agilidad,Antorcha mágica,Casco de sabiduría,Cetro de sabiduría,Poción de resistencia
Virginia,63,1,Escudo
Helen3,37,2,Escudo de madera,Amuleto de curación
Kathleen,16,5,Anillo de protección,Casco de batalla,Martillo de guerra,Poción de invisibilidad,Varita de rayos
Karen2,55,8,Libro de encantamientos,Ballesta pesada,Varita de rayos,Escudo de espinas,Escudo de luz,Escudo,Piedra de fuerza,Guantes de destreza
Jill2,94,7,Anillo de vida,Lanza de luz,Pergamino de tormenta,Escudo de luz,Flechas envenenadas,Casco de sabiduría,Poción de sueño
Leslie,76,8,Pergamino de invocación,Varita de control mental,Casco de hierro,Pergamino de tormenta,Brazalete de fuerza,Cuchillo de viento,Capa de invisibilidad,Botas de agilidad
Barbara3,15,2,Armadura de cristal,Antorcha mágica
Ashlie2,44,5,Piedra de revivir,Capa de invisibilidad,Cetro de sabiduría,Lanza de oscuridad,Cadenas de restricción
Christy2,88,3,Anillo de teletransporte,Armadura de cuero,Armadura de mithril
Jim2,62,5,Poción de fuerza,Armadura de cuero,Flechas envenenadas,Espada de fuego,Antorcha mágica
Diane,94,8,Martillo de guerra,Varita mágica,Botas de salto,Cinturón de levitación,Capa de invisibilidad,Bastón de ilusiones,Arco largo,Pergamino de tormenta
Bernard2,47,1,Guantes de destreza
Christian,54,1,Antorcha mágica
Kimberly4,84,3,Guantes de destreza,Anillo de vida,Piedra de iluminación
Tracey3,25,5,Poción de curación,Pergamino de sellado,Cetro de fuego,Armadura de acero,Arco largo
Betty4,45,3,Armadura de mithril,Grimorio de sombras,Cuchillo arrojadizo
Gary3,33,8,Escudo de espinas,Cadenas de restricción,Casco de hierro,Cetro de fuego,Cuchillo arrojadizo,Libro de runas,Casco de visión,Piedra de iluminación
Richard4,48,7,Hacha de guerra,Martillo de guerra,Guantes de escalada,Flechas de fuego,Armadura de oscuridad,Poción de invisibilidad,Armadura de huesos
Ted,53,2,Flechas envenenadas,Ballesta pesada
Ronald2,52,8,Poción de invisibilidad,Poción de velocidad,Armadura de oscuridad,Poción de fuerza,Capa de invisibilidad,Piedra de iluminación,Arco de viento,Casco de sabiduría
Terry3,79,2,Hacha de guerra,Espada
Christopher2,85,7,Casco de sabiduría,Poción de escarcha,Cetro de fuego,Pergamino de invocación,Libro de encantamientos,Espada,Ballesta pesada
Sara2,20,6,Poción de sueño,Varita mágica,Libro de hechizos,Cinturón de levitación,Botas de salto,Botas de agilidad
Jacqueline,21,2,Cinturón de levitación,Amuleto de curación
Roberta,95,1,Antorcha mágica
Rose,52,4,Cuchillo de sombras,Amuleto de poder,Espada de cristal,Cota de malla
Chris,55,1,Cuchillo de viento
Annie,69,6,Cota de malla,Anillo de teletransporte,Poción de sueño,Lanza de oscuridad,Casco de batalla,Piedra de fuerza
Jennifer3,45,8,Poción de escarcha,Arco de viento,Armadura de escamas,Varita de estrellas,Armadura de huesos,Anillo de vida,Lanza,Botas de salto
Travis,25,8,Pergamino de sellado,Hacha de piedra,Anillo de vida,Espada,Cuchillo arrojadizo,Amuleto de poder,Guantes de escalada,Armadura de acero
Ismael,50,3,Cuchillo arrojadizo,Poción de vuelo,Armadura de escamas
Margaret3,57,2,Poción de sueño,Cinturón de levitación
Jacob,54,6,Lanza,Collar de serpiente,Libro de runas,Varita de rayos,Amuleto de poder,Ballesta
Robert7,91,2,Poción de curación,Pergamino de invocación
Theodore,26,4,Armadura de cristal,Escudo de luz,Poción de velocidad,Antorcha mágica
Patricia2,69,2,Casco de hierro,Armadura de cuero
Donald3,36,2,Cuchillo de sombras,Botas de resistencia
Christy,60,3,Casco de hierro,Poción de vida,Armadura de cristal
Mary4,32,2,Pergamino de invocación,Hacha de piedra
Andres2,84,7,Varita de estrellas,Grimorio de sombras,Espada,Espada de fuego,Poción de rapidez,Piedra de iluminación,Cetro de fuego
James5,77,7,Casco de sabiduría,Poción de vuelo,Poción de vida,Guantes de destreza,Arco de hielo,Cadenas de restricción,Cota de malla
Jessica5,93,1,Capa del viento
Dave2,11,8,Piedra de iluminación,Amuleto de curación,Varita de estrellas,Libro de runas,Ballesta,Poción de vida,Varita de control mental,Antorcha mágica
Jeffrey3,33,4,Daga,Armadura de cuero,Cinturón de levitación,Armadura de escamas
Laura4,50,7,Poción de velocidad,Casco de sabiduría,Casco de hierro,Varita de control mental,Bastón de tierra,Espada de cristal,Daga
Brenda4,90,7,Piedra de teletransporte,Bastón de ilusiones,Pergamino de invocación,Lanza,Arco de hielo,Espada de fuego,Armadura de mithril
David7,33,5,Escudo de luz,Casco de visión,Arco y flechas,Amuleto de poder,Daga
Vivian2,56,8,Lanza,Bastón de ilusiones,Piedra de revivir,Lanza de luz,Grimorio de sombras,Libro de runas,Botas de salto,Grimorio antiguo
Paul3,46,3,Varita mágica,Escudo de madera,Arco y flechas
William8,35,5,Espada de cristal,Ballesta,Poción de velocidad,Martillo de destrucción,Lanza de oscuridad
Gertrude4,76,4,Poción de regeneración,Hacha de guerra,Cetro de sabiduría,Piedra de iluminación
Hassan,26,1,Arco de viento
Rebecca4,93,1,Arco de viento
James4,26,3,Piedra de fuerza,Hacha doble,Escudo de espinas
Susan3,84,1,Poción de regeneración
Lloyd2,20,2,Armadura de cristal,Libro de encantamientos
Ronald,79,1,Poción de sueño
Barbara2,27,5,Escudo de espinas,Poción de vida,Anillo de evasión,Cadenas de restricción,Lanza de oscuridad
Charles5,33,7,Brazalete de fuerza,Poción de escarcha,Pergamino de resurrección,Cetro de fuego,Casco de hierro,Piedra de teletransporte,Libro de encantamientos
Dave,12,4,Casco de batalla,Grimorio de sombras,Lanza de luz,Arco largo
Bernice2,55,6,Anillo de protección,Varita de estrellas,Hacha doble,Armadura de huesos,Poción de vida,Cinturón de levitación
Renee,65,7,Varita mágica,Brazalete de fuerza,Escudo de luz,Poción de resistencia,Collar de serpiente,Hacha doble,Escudo de madera
Carmen,56,5,Ballesta pesada,Escudo,Botas de agilidad,Cota de malla,Grimorio de sombras
Brett,24,7,Lanza de oscuridad,Pergamino de tormenta,Grimorio antiguo,Armadura de oscuridad,Poción de escarcha,Bastón de ilusiones,Pergamino de sellado
Nelson,65,7,Escudo de espinas,Varita de control mental,Espada de cristal,Arco de hielo,Poción de curación,Hacha de guerra,Piedra de iluminación
Anthony2,91,1,Armadura de mithril
Craig,61,5,Ballesta,Varita mágica,Poción de sueño,Armadura de cuero,Capa de sombras
Lydia,95,2,Lanza,Casco de visión
David6,66,8,Hacha de piedra,Amuleto de curación,Capa de sombras,Armadura de escamas,Armadura de cuero,Botas de resistencia,Armadura de huesos,Bastón de tierra
Betty3,36,4,Pergamino de tormenta,Pergamino de invocación,Bastón de tierra,Piedra de teletransporte
Willie,100,8,Ballesta pesada,Botas de agilidad,Casco de sabiduría,Libro de encantamientos,Casco de visión,Poción de velocidad,Poción de rapidez,Grimorio antiguo
William7,68,1,Poción de resistencia
Richard3,83,1,Amuleto de poder
Melissa,27,5,Anillo de evasión,Lanza de luz,Anillo de teletransporte,Pergamino de sellado,Flechas de fuego
Shannon2,46,4,Casco de hierro,Casco de cuero,Poción de sueño,Poción de regeneración
David5,63,8,Lanza,Piedra de teletransporte,Pergamino de resurrección,Capa de invisibilidad,Botas de agilidad,Armadura de cristal,Armadura de acero,Armadura de escamas
Christina3,17,1,Botas de salto
Roberto2,20,5,Cuchillo de viento,Lanza de oscuridad,Martillo de destrucción,Piedra de revivir,Piedra de iluminación
Donald2,64,1,Botas de agilidad
Lori,69,6,Escudo de madera,Poción de fuerza,Grimorio antiguo,Capa de sombras,Poción de vuelo,Escudo de luz
John8,51,4,Armadura de cuero,Botas de resistencia,Arco de hielo,Cetro de hielo
William6,38,6,Varita de estrellas,Varita mágica,Antorcha mágica,Casco de visión,Armadura de acero,Poción de curación
Jimmy2,52,3,Piedra de revivir,Capa del viento,Armadura de huesos
Maria2,50,6,Anillo de protección,Botas de agilidad,Escudo de espinas,Cota de malla,Grimorio de sombras,Armadura de cuero
Dustin,20,3,Martillo de guerra,Varita mágica,Pergamino de sellado
Tiffany,23,7,Anillo de vida,Poción de resistencia,Martillo de destrucción,Varita de control mental,Anillo de teletransporte,Guantes de escalada,Cetro de fuego
Douglas2,11,3,Armadura de huesos,Cetro de sabiduría,Pergamino de resurrección
Georgiana,66,2,Amuleto de poder,Poción de curación
Edna2,48,1,Armadura de cristal
Richard2,63,8,Armadura de cristal,Ballesta pesada,Guantes de escalada,Cuchillo arrojadizo,Martillo de guerra,Flechas de fuego,Piedra de fuerza,Cuchillo de viento
Kenneth,52,5,Varita mágica,Armadura de huesos,Hacha doble,Cetro de sabiduría,Pergamino de tormenta
Robert6,66,5,Armadura de cuero,Poción de sueño,Anillo de teletransporte,Armadura de huesos,Armadura de oscuridad
Laura3,55,3,Cuchillo de viento,Cadenas de restricción,Cuchillo de sombras
Deborah2,23,7,Poción de vuelo,Cuchillo de viento,Varita de rayos,Capa del viento,Poción de sueño,Libro de encantamientos,Grimorio de sombras
Susan2,69,1,Arco de hielo
Michael7,24,7,Pergamino de resurrección,Piedra de fuerza,Anillo de evasión,Libro de runas,Poción de sueño,Collar de serpiente,Botas de salto
Laura2,36,4,Arco y flechas,Botas de agilidad,Anillo de teletransporte,Hacha de guerra
Amy,71,1,Collar de serpiente
Edna,61,3,Arco de hielo,Poción de velocidad,Espada de fuego
Gary2,59,7,Grimorio de sombras,Poción de vida,Cota de malla,Escudo,Escudo de madera,Martillo de guerra,Varita de estrellas
Edward2,94,5,Hacha de piedra,Capa del viento,Collar de serpiente,Piedra de teletransporte,Pergamino de invocación
Kim,95,5,Pergamino de tormenta,Escudo de madera,Cetro de sabiduría,Arco largo,Grimorio antiguo
Sherlyn,49,3,Martillo de destrucción,Piedra de teletransporte,Botas de agilidad
Amber,55,4,Espada de cristal,Poción de vuelo,Guantes de destreza,Lanza de luz
William5,37,7,Grimorio de sombras,Cadenas de restricción,Espada,Casco de respiración,Poción de vida,Cetro de hielo,Arco y flechas
Raymond3,48,8,Piedra de teletransporte,Escudo de espinas,Armadura de mithril,Cetro de hielo,Capa del viento,Guantes de destreza,Amuleto de curación,Espada de cristal
Terry2,10,1,Varita de rayos
Hester,66,6,Grimorio de sombras,Casco de visión,Casco de cuero,Anillo de teletransporte,Poción de regeneración,Escudo
Norma,88,4,Armadura de oscuridad,Grimorio de sombras,Arco largo,Flechas de fuego
Carol,30,6,Poción de rapidez,Espada de cristal,Arco y flechas,Armadura de mithril,Cuchillo de sombras,Ballesta pesada
Weldon,54,6,Cuchillo de viento,Libro de runas,Pergamino de sellado,Cota de malla,Escudo de madera,Armadura de acero
Lloyd,17,1,Arco y flechas
Kerry,21,3,Pergamino de invocación,Botas de salto,Armadura de acero
Michael6,52,8,Brazalete de fuerza,Botas de agilidad,Casco de respiración,Espada,Piedra de iluminación,Capa de sombras,Cota de malla,Arco y flechas
Guy,38,5,Capa de sombras,Botas de agilidad,Grimorio antiguo,Piedra de teletransporte,Arco de viento
Stephanie3,98,2,Escudo,Poción de escarcha
Carl,15,6,Martillo de destrucción,Casco de respiración,Casco de hierro,Poción de fuerza,Poción de rapidez,Poción de sueño
Betty2,56,7,Bastón de ilusiones,Cinturón de levitación,Lanza de luz,Martillo de guerra,Varita de control mental,Poción de curación,Collar de serpiente
Kent,43,8,Armadura de escamas,Cuchillo de viento,Anillo de evasión,Capa del viento,Daga,Poción de velocidad,Escudo de luz,Varita de control mental
Joseph2,20,1,Arco de hielo
Martha3,45,4,Poción de vida,Cinturón de levitación,Libro de hechizos,Poción de armadura
Gary,99,8,Arco de viento,Poción de escarcha,Libro de runas,Poción de curación,Ballesta pesada,Pergamino de resurrección,Bastón de tierra,Armadura de escamas
Francis,30,6,Guantes de destreza,Poción de resistencia,Poción de armadura,Espada,Cetro de sabiduría,Poción de sueño
Gregory,12,2,Pergamino de invocación,Anillo de vida
Gertrude3,12,4,Hacha de relámpago,Casco de cuero,Armadura de cristal,Poción de vida
Paula,76,5,Poción de vuelo,Bastón de tierra,Amuleto de poder,Capa del viento,Armadura de cuero
Dominga,44,8,Armadura de mithril,Espada de cristal,Cetro de hielo,Capa del viento,Cuchillo arrojadizo,Cuchillo de viento,Poción de armadura,Armadura de huesos
Tracey2,37,8,Anillo de protección,Poción de armadura,Armadura de cristal,Grimorio de sombras,Lanza de oscuridad,Arco largo,Poción de escarcha,Poción de regeneración
George3,100,8,Lanza de oscuridad,Hacha doble,Grimorio de sombras,Cuchillo de viento,Collar de serpiente,Ballesta pesada,Poción de regeneración,Capa de invisibilidad
Karen,39,6,Amuleto de curación,Poción de resistencia,Anillo de evasión,Casco de hierro,Poción de regeneración,Poción de vuelo
Thomas3,53,2,Anillo de vida,Casco de cuero
Israel,100,8,Arco de viento,Cetro de sabiduría,Ballesta,Cadenas de restricción,Armadura de cristal,Guantes de escalada,Espada,Anillo de vida
Allie,25,7,Brazalete de fuerza,Bastón de tierra,Lanza de oscuridad,Capa de sombras,Pergamino de sellado,Capa de invisibilidad,Guantes de escalada
Roberto,53,7,Anillo de evasión,Piedra de fuerza,Espada de fuego,Cuchillo de sombras,Arco largo,Varita de control mental,Pergamino de resurrección
Anna2,97,3,Guantes de escalada,Libro de encantamientos,Cinturón de levitación
Charles4,94,5,Poción de velocidad,Varita mágica,Poción de sueño,Cetro de fuego,Armadura de huesos
Jeffery2,14,4,Flechas de fuego,Collar de serpiente,Guantes de escalada,Varita de estrellas
Vanessa,74,7,Varita de estrellas,Poción de vuelo,Flechas envenenadas,Cadenas de restricción,Piedra de teletransporte,Libro de runas,Piedra de iluminación
Lisa3,94,6,Armadura de mithril,Cetro de fuego,Bastón de tierra,Armadura de acero,Cinturón de levitación,Capa del viento
Vivian,70,1,Lanza de oscuridad
Otis,38,1,Capa del viento
Eric4,60,3,Armadura de acero,Escudo,Cetro de hielo
Sandra,14,2,Casco de sabiduría,Varita de estrellas
William4,47,2,Botas de salto,Guantes de escalada
Andres,70,6,Capa de invisibilidad,Varita mágica,Armadura de acero,Armadura de cuero,Anillo de evasión,Espada de cristal
Steven2,55,4,Cetro de hielo,Lanza de oscuridad,Martillo de guerra,Escudo de espinas
Stephanie2,53,3,Armadura de huesos,Amuleto de curación,Escudo de espinas
Ruth2,79,5,Varita de rayos,Cota de malla,Anillo de protección,Lanza de oscuridad,Lanza
Eric3,80,8,Arco de hielo,Cuchillo arrojadizo,Cetro de hielo,Varita de estrellas,Arco y flechas,Pergamino de tormenta,Poción de invisibilidad,Cuchillo de viento
Thomas2,83,3,Libro de hechizos,Libro de runas,Armadura de cuero
Brenda3,78,8,Varita de control mental,Martillo de guerra,Cadenas de restricción,Pergamino de resurrección,Poción de curación,Guantes de destreza,Espada,Amuleto de poder
Larry,51,5,Collar de serpiente,Casco de sabiduría,Pergamino de resurrección,Espada de fuego,Hacha de relámpago
Frederick,34,5,Espada de fuego,Armadura de escamas,Piedra de revivir,Casco de respiración,Armadura de cristal
Rosalinda2,88,6,Poción de velocidad,Antorcha mágica,Arco de viento,Piedra de iluminación,Lanza,Poción de sueño
Wendy,27,2,Pergamino de tormenta,Martillo de guerra
Jill,99,8,Grimorio de sombras,Armadura de mithril,Cota de malla,Capa de sombras,Bastón de ilusiones,Martillo de destrucción,Varita de rayos,Poción de vida
Willow,96,3,Lanza de oscuridad,Hacha doble,Varita mágica
Myles,89,5,Cetro de sabiduría,Amuleto de poder,Poción de resistencia,Armadura de cuero,Hacha de piedra
James3,14,5,Collar de serpiente,Pergamino de resurrección,Escudo de madera,Escudo de luz,Antorcha mágica
Rickey,93,1,Anillo de teletransporte
John7,70,1,Arco de hielo
Hugo,35,2,Escudo de espinas,Poción de resistencia
Robert5,52,4,Guantes de destreza,Piedra de fuerza,Poción de resistencia,Guantes de escalada
Tina,46,1,Hacha doble
Inez,76,6,Anillo de teletransporte,Libro de encantamientos,Ballesta,Lanza de luz,Armadura de escamas,Escudo de madera
Elida,54,8,Piedra de teletransporte,Arco de viento,Ballesta,Bastón de ilusiones,Poción de resistencia,Antorcha mágica,Cuchillo de sombras,Casco de respiración
Maria,19,3,Casco de batalla,Martillo de guerra,Botas de agilidad
Daniel3,83,1,Martillo de guerra
Jerry3,27,4,Amuleto de poder,Libro de runas,Hacha de guerra,Guantes de escalada
Mary3,73,6,Poción de resistencia,Cota de malla,Lanza,Varita de control mental,Cetro de sabiduría,Poción de vida
Kimberly3,60,3,Armadura de escamas,Poción de invisibilidad,Piedra de revivir
Helen2,68,8,Lanza de oscuridad,Poción de curación,Poción de sueño,Lanza,Flechas de fuego,Armadura de acero,Cetro de sabiduría,Brazalete de fuerza
Tracey,74,2,Ballesta,Anillo de teletransporte
Janelle,33,8,Cota de malla,Hacha doble,Cinturón de levitación,Casco de sabiduría,Amuleto de poder,Ballesta pesada,Poción de sueño,Hacha de relámpago
Louise,49,3,Armadura de acero,Casco de sabiduría,Poción de resistencia
Elizabeth5,68,3,Collar de serpiente,Poción de armadura,Anillo de evasión
Frank,65,5,Espada de cristal,Capa de invisibilidad,Poción de curación,Armadura de cuero,Cuchillo de sombras
Laurie,38,5,Cuchillo de viento,Cuchillo de sombras,Piedra de fuerza,Casco de hierro,Libro de encantamientos
Aaron,61,5,Poción de rapidez,Guantes de destreza,Capa de sombras,Capa de invisibilidad,Grimorio de sombras
Karl,51,1,Anillo de teletransporte
Tracy,77,2,Grimorio de sombras,Brazalete de fuerza
Jerry2,56,2,Poción de fuerza,Pergamino de sellado
John6,64,5,Capa de invisibilidad,Poción de sueño,Casco de sabiduría,Escudo de luz,Martillo de guerra
Nicholas,66,6,Cetro de sabiduría,Escudo,Poción de invisibilidad,Armadura de escamas,Casco de cuero,Hacha de piedra
Williams,10,4,Poción de regeneración,Armadura de mithril,Varita mágica,Poción de armadura
David4,79,4,Hacha doble,Poción de regeneración,Anillo de teletransporte,Brazalete de fuerza
Stacey,99,6,Poción de invisibilidad,Martillo de destrucción,Libro de runas,Daga,Cetro de fuego,Grimorio antiguo
Earl,29,8,Ballesta,Martillo de destrucción,Poción de resistencia,Armadura de acero,Cetro de hielo,Botas de agilidad,Cetro de fuego,Guantes de destreza
William3,32,5,Bastón de ilusiones,Libro de runas,Poción de vuelo,Varita mágica,Escudo de madera
Luetta,99,8,Capa del viento,Libro de encantamientos,Casco de sabiduría,Botas de agilidad,Cuchillo arrojadizo,Daga,Armadura de cuero,Poción de curación
Kristan,50,2,Poción de velocidad,Armadura de cuero
Albert,73,3,Botas de agilidad,Poción de invisibilidad,Armadura de huesos
Michael5,80,7,Cadenas de restricción,Escudo de madera,Grimorio de sombras,Piedra de iluminación,Piedra de teletransporte,Antorcha mágica,Bastón de ilusiones
Pauline,14,3,Piedra de fuerza,Guantes de destreza,Piedra de revivir
Eric2,81,7,Cetro de fuego,Hacha de relámpago,Espada de cristal,Cetro de sabiduría,Poción de curación,Amuleto de curación,Cota de malla
Mary2,39,6,Hacha de relámpago,Varita de control mental,Casco de cuero,Bastón de ilusiones,Guantes de escalada,Armadura de escamas
Leo,59,8,Antorcha mágica,Flechas de fuego,Ballesta pesada,Lanza de oscuridad,Piedra de iluminación,Cuchillo de sombras,Varita de control mental,Cuchillo arrojadizo
Clinton,88,3,Libro de runas,Pergamino de sellado,Ballesta pesada
Rebecca3,36,3,Cetro de fuego,Arco de hielo,Armadura de oscuridad
Megan,19,1,Hacha de guerra
Ken,82,4,Martillo de guerra,Botas de salto,Capa de invisibilidad,Armadura de huesos
George2,71,4,Casco de batalla,Varita mágica,Cetro de fuego,Armadura de oscuridad
Rosalie,72,4,Botas de agilidad,Poción de fuerza,Daga,Hacha de relámpago
Ann,27,2,Casco de batalla,Daga
Brenda2,52,1,Varita de rayos
Frances2,40,2,Piedra de revivir,Pergamino de invocación
Danny,85,2,Amuleto de curación,Poción de curación
Juan2,79,6,Cetro de sabiduría,Poción de regeneración,Anillo de evasión,Collar de serpiente,Cetro de hielo,Cetro de fuego
Jonathan,68,2,Escudo de luz,Amuleto de curación
Jerry,28,5,Libro de hechizos,Anillo de teletransporte,Armadura de escamas,Casco de sabiduría,Poción de rapidez
Georgia,77,4,Varita de rayos,Escudo de luz,Arco de hielo,Antorcha mágica
Paulette,16,2,Cadenas de restricción,Capa del viento
Jaime2,13,1,Hacha de relámpago
Jimmy,65,6,Poción de regeneración,Poción de escarcha,Grimorio de sombras,Hacha de guerra,Bastón de tierra,Varita de estrellas
Donald,48,7,Ballesta,Flechas envenenadas,Grimorio de sombras,Casco de cuero,Anillo de vida,Cetro de hielo,Cuchillo de sombras
Betty,74,4,Pergamino de tormenta,Armadura de escamas,Guantes de destreza,Casco de visión
Pamela2,41,2,Cetro de fuego,Armadura de cuero
Emily,60,4,Flechas envenenadas,Hacha de relámpago,Botas de agilidad,Varita de control mental
Fred,52,3,Libro de hechizos,Escudo,Bastón de ilusiones
Michelle,37,5,Anillo de teletransporte,Brazalete de fuerza,Arco y flechas,Pergamino de resurrección,Armadura de oscuridad
Sarah2,79,8,Escudo de espinas,Poción de resistencia,Capa del viento,Poción de sueño,Anillo de evasión,Poción de rapidez,Botas de agilidad,Poción de armadura
James2,11,6,Anillo de teletransporte,Armadura de acero,Hacha de relámpago,Piedra de teletransporte,Casco de cuero,Amuleto de poder
Patrick,66,4,Escudo de madera,Poción de armadura,Arco largo,Poción de rapidez
Joyce2,95,1,Cuchillo de viento
Marie,79,3,Botas de resistencia,Amuleto de poder,Anillo de teletransporte
Deborah,12,4,Collar de serpiente,Grimorio antiguo,Anillo de evasión,Bastón de ilusiones
Oleta,55,7,Pergamino de resurrección,Armadura de acero,Hacha doble,Arco de viento,Hacha de relámpago,Poción de invisibilidad,Brazalete de fuerza
Kimberly2,93,2,Lanza de luz,Armadura de oscuridad
Robyn,28,3,Martillo de guerra,Poción de vida,Collar de serpiente
Robert4,59,2,Escudo de madera,Ballesta pesada
Harold2,77,1,Armadura de acero
Edward,63,4,Poción de rapidez,Poción de escarcha,Pergamino de resurrección,Casco de cuero
Elizabeth4,34,4,Cuchillo de sombras,Lanza de oscuridad,Daga,Ballesta
Mark2,57,5,Piedra de iluminación,Armadura de huesos,Poción de resistencia,Amuleto de curación,Varita mágica
Martin2,51,2,Daga,Casco de respiración
Christina2,51,7,Poción de velocidad,Poción de resistencia,Cetro de fuego,Poción de sueño,Antorcha mágica,Varita de rayos,Hacha de guerra
Iris,28,6,Poción de armadura,Cuchillo de viento,Poción de fuerza,Piedra de revivir,Espada de cristal,Pergamino de resurrección
Clara,82,6,Arco de hielo,Libro de encantamientos,Poción de invisibilidad,Daga,Escudo de madera,Poción de vida
Robert3,30,5,Casco de cuero,Piedra de teletransporte,Anillo de evasión,Hacha de guerra,Cuchillo de viento
Clifford,91,2,Libro de hechizos,Poción de invisibilidad
Brian3,12,3,Flechas envenenadas,Hacha doble,Armadura de cristal
Frances,46,1,Anillo de evasión
Dorothy,75,6,Cuchillo de viento,Piedra de teletransporte,Martillo de guerra,Poción de resistencia,Flechas envenenadas,Botas de salto
Jerome,75,1,Poción de armadura
Allan,85,2,Cuchillo arrojadizo,Poción de vida
William2,75,1,Escudo de luz
Cathy,79,6,Cetro de fuego,Libro de runas,Capa del viento,Botas de resistencia,Cuchillo arrojadizo,Piedra de iluminación
Joyce,17,6,Casco de visión,Piedra de teletransporte,Lanza de luz,Piedra de iluminación,Armadura de escamas,Libro de runas
Nathaniel,52,7,Collar de serpiente,Armadura de acero,Botas de salto,Capa del viento,Poción de armadura,Ballesta,Guantes de escalada
Tara,62,2,Poción de resistencia,Cetro de fuego
Robin3,46,4,Hacha doble,Anillo de vida,Espada,Daga
Michael4,24,8,Grimorio de sombras,Cetro de hielo,Lanza,Guantes de escalada,Cuchillo de sombras,Lanza de luz,Capa de sombras,Varita mágica
Sarah,99,2,Armadura de cristal,Capa de sombras
Rebecca2,76,1,Martillo de destrucción
Anna,44,4,Armadura de escamas,Casco de cuero,Casco de batalla,Pergamino de tormenta
Harold,89,7,Bastón de ilusiones,Escudo de madera,Cuchillo arrojadizo,Casco de batalla,Poción de vida,Armadura de mithril,Poción de resistencia
Beverly3,95,5,Grimorio antiguo,Armadura de escamas,Pergamino de resurrección,Amuleto de curación,Lanza de oscuridad
Evelyn,39,5,Casco de hierro,Poción de fuerza,Botas de agilidad,Escudo de madera,Martillo de guerra
Michael3,25,7,Escudo de luz,Martillo de destrucción,Guantes de escalada,Armadura de cuero,Grimorio de sombras,Escudo de madera,Poción de vida
Brenda,44,1,Martillo de guerra
Robin2,96,2,Piedra de revivir,Antorcha mágica
Shannon,61,5,Anillo de vida,Grimorio antiguo,Botas de agilidad,Ballesta,Hacha de guerra
Catherine,29,4,Casco de respiración,Casco de batalla,Guantes de escalada,Anillo de vida
Charles3,54,6,Poción de vuelo,Poción de sueño,Martillo de destrucción,Poción de resistencia,Casco de visión,Hacha doble
Martin,57,7,Poción de resistencia,Poción de armadura,Anillo de teletransporte,Escudo de espinas,Pergamino de tormenta,Libro de hechizos,Flechas de fuego
Jose2,42,8,Piedra de iluminación,Armadura de acero,Varita mágica,Poción de fuerza,Cuchillo de viento,Armadura de escamas,Armadura de cristal,Casco de batalla
John5,26,8,Casco de hierro,Cinturón de levitación,Hacha de relámpago,Botas de agilidad,Poción de resistencia,Capa de sombras,Escudo de madera,Arco de hielo
Terry,21,3,Cuchillo arrojadizo,Capa del viento,Piedra de teletransporte
Jason,64,6,Poción de regeneración,Arco de hielo,Piedra de teletransporte,Cetro de fuego,Ballesta,Poción de velocidad
Steve,72,4,Poción de escarcha,Escudo de madera,Capa de invisibilidad,Libro de runas
Teresa,20,6,Botas de resistencia,Lanza de oscuridad,Escudo de espinas,Ballesta pesada,Poción de escarcha,Flechas envenenadas
Laura,59,5,Armadura de oscuridad,Capa del viento,Ballesta pesada,Cuchillo de sombras,Piedra de fuerza
Rebecca,33,4,Lanza,Libro de runas,Poción de fuerza,Poción de sueño
Martha2,88,3,Cetro de fuego,Varita mágica,Ballesta
Marlene,63,5,Flechas envenenadas,Poción de rapidez,Cetro de sabiduría,Casco de batalla,Poción de velocidad
Valerie2,84,5,Armadura de mithril,Martillo de destrucción,Pergamino de resurrección,Armadura de huesos,Antorcha mágica
Alan,88,3,Poción de rapidez,Hacha de guerra,Capa de invisibilidad
Ruth,84,8,Ballesta,Escudo,Guantes de destreza,Piedra de teletransporte,Poción de curación,Casco de respiración,Libro de runas,Pergamino de invocación
Nellie2,46,7,Amuleto de curación,Cuchillo de sombras,Espada de fuego,Guantes de destreza,Cota de malla,Libro de runas,Poción de curación
Lisa2,64,8,Botas de salto,Casco de batalla,Poción de resistencia,Cetro de sabiduría,Botas de agilidad,Casco de visión,Poción de regeneración,Hacha de guerra
Jessica4,31,6,Cadenas de restricción,Grimorio de sombras,Libro de runas,Antorcha mágica,Cuchillo arrojadizo,Amuleto de curación
Reginia,33,1,Casco de visión
Linda6,65,6,Varita de control mental,Flechas envenenadas,Anillo de vida,Escudo de madera,Piedra de iluminación,Armadura de escamas
Raymond2,70,2,Poción de vuelo,Escudo de espinas
Kali,85,7,Arco y flechas,Poción de velocidad,Arco largo,Anillo de teletransporte,Cetro de sabiduría,Armadura de acero,Anillo de vida
Jeanine,30,8,Armadura de huesos,Guantes de destreza,Anillo de protección,Arco de hielo,Grimorio antiguo,Cetro de fuego,Escudo de madera,Poción de invisibilidad
Sandy,46,2,Armadura de mithril,Capa del viento
David3,17,5,Botas de salto,Poción de armadura,Poción de fuerza,Antorcha mágica,Grimorio de sombras
Elmer,43,4,Varita de rayos,Varita de estrellas,Arco de viento,Casco de visión
Julia,10,3,Casco de sabiduría,Espada de fuego,Botas de agilidad
Rochelle,19,8,Cetro de fuego,Botas de salto,Pergamino de invocación,Lanza de luz,Varita de control mental,Poción de velocidad,Guantes de escalada,Poción de rapidez
James,82,3,Lanza de oscuridad,Guantes de destreza,Anillo de evasión
Rashida,27,3,Martillo de destrucción,Flechas de fuego,Libro de runas
Monica,61,4,Cuchillo de viento,Poción de invisibilidad,Cadenas de restricción,Escudo de luz
Lee,14,7,Capa del viento,Cuchillo de viento,Botas de resistencia,Martillo de destrucción,Flechas de fuego,Botas de salto,Martillo de guerra
Richard,43,4,Amuleto de curación,Armadura de mithril,Cetro de sabiduría,Cuchillo de sombras
Bessie,60,8,Armadura de mithril,Poción de vida,Capa de sombras,Piedra de fuerza,Cinturón de levitación,Casco de cuero,Anillo de evasión,Casco de batalla
Thomas,71,6,Varita mágica,Casco de sabiduría,Cetro de sabiduría,Cota de malla,Pergamino de invocación,Espada
Monique,52,2,Flechas envenenadas,Botas de agilidad
Stephen,94,1,Varita de estrellas
John4,30,8,Casco de sabiduría,Pergamino de tormenta,Ballesta pesada,Martillo de destrucción,Antorcha mágica,Lanza de oscuridad,Bastón de ilusiones,Botas de agilidad
Darryl,61,7,Varita de control mental,Lanza de oscuridad,Pergamino de resurrección,Ballesta,Brazalete de fuerza,Amuleto de curación,Martillo de guerra
Elizabeth3,14,3,Varita de estrellas,Lanza,Antorcha mágica
Nicole,97,5,Poción de invisibilidad,Anillo de evasión,Capa de sombras,Ballesta,Casco de respiración
Ryan,37,4,Martillo de guerra,Lanza de luz,Arco y flechas,Casco de sabiduría
Jose,79,7,Libro de encantamientos,Espada,Guantes de escalada,Cota de malla,Arco de viento,Pergamino de tormenta,Poción de sueño
Timothy2,78,2,Cetro de sabiduría,Armadura de cristal
Ricardo,54,5,Antorcha mágica,Bastón de tierra,Poción de armadura,Grimorio de sombras,Piedra de revivir
Linda5,59,8,Poción de invisibilidad,Antorcha mágica,Casco de sabiduría,Capa del viento,Cuchillo arrojadizo,Piedra de iluminación,Cinturón de levitación,Lanza
Patty,13,6,Amuleto de poder,Pergamino de invocación,Cinturón de levitación,Poción de invisibilidad,Libro de encantamientos,Escudo de espinas
Elizabeth2,17,5,Martillo de guerra,Antorcha mágica,Anillo de teletransporte,Armadura de acero,Casco de visión
Daniel2,41,7,Bastón de tierra,Cetro de sabiduría,Cuchillo de sombras,Anillo de protección,Flechas envenenadas,Arco de viento,Poción de invisibilidad
Nellie,86,6,Poción de sueño,Flechas envenenadas,Casco de sabiduría,Cetro de hielo,Antorcha mágica,Cuchillo de sombras
Beverly2,12,1,Escudo
Lawrence,33,7,Hacha de guerra,Varita de estrellas,Poción de curación,Pergamino de resurrección,Lanza de luz,Cuchillo de sombras,Anillo de protección
Teddy,23,3,Botas de resistencia,Ballesta,Varita de rayos
Henry,54,4,Ballesta,Varita de rayos,Armadura de acero,Poción de fuerza
Marcia2,29,1,Armadura de cuero
Jennifer2,49,5,Libro de hechizos,Collar de serpiente,Escudo de luz,Armadura de escamas,Escudo
Alisha,68,7,Pergamino de tormenta,Pergamino de invocación,Casco de sabiduría,Arco y flechas,Poción de curación,Cota de malla,Cuchillo arrojadizo
Bernice,26,8,Capa de sombras,Grimorio de sombras,Daga,Hacha doble,Martillo de guerra,Armadura de mithril,Collar de serpiente,Poción de regeneración
Beverly,17,7,Botas de resistencia,Arco largo,Flechas de fuego,Capa de invisibilidad,Anillo de protección,Poción de resistencia,Lanza de oscuridad
Eric,25,1,Poción de sueño
Bernard,35,7,Armadura de huesos,Arco de hielo,Piedra de teletransporte,Botas de agilidad,Cetro de fuego,Bastón de tierra,Arco y flechas
Roy2,29,2,Daga,Arco de viento
Debra2,62,3,Guantes de escalada,Poción de regeneración,Lanza de oscuridad
Michael2,97,4,Poción de vuelo,Anillo de vida,Martillo de guerra,Amuleto de poder
Juan,74,4,Poción de invisibilidad,Ballesta,Guantes de destreza,Cinturón de levitación
Madie,65,7,Arco largo,Hacha de relámpago,Escudo de madera,Casco de visión,Collar de serpiente,Arco de hielo,Anillo de teletransporte
Catalina,69,7,Poción de vida,Cetro de hielo,Pergamino de invocación,Armadura de mithril,Escudo de madera,Poción de resistencia,Poción de sueño
Margaret2,18,5,Poción de regeneración,Armadura de escamas,Anillo de vida,Guantes de destreza,Espada de cristal
Margaret,14,7,Piedra de iluminación,Botas de agilidad,Hacha de piedra,Hacha de relámpago,Poción de vida,Capa del viento,Flechas de fuego
Jesse,69,4,Pergamino de sellado,Piedra de fuerza,Martillo de destrucción,Ballesta
Charles2,43,5,Cetro de fuego,Botas de resistencia,Poción de rapidez,Cetro de hielo,Piedra de revivir
Mildred,46,1,Collar de serpiente
Gail,52,5,Cadenas de restricción,Cetro de hielo,Cetro de sabiduría,Casco de hierro,Armadura de oscuridad
Julie,41,8,Hacha de relámpago,Varita de estrellas,Cetro de sabiduría,Escudo,Botas de agilidad,Botas de salto,Ballesta pesada,Poción de armadura
John3,31,5,Guantes de destreza,Libro de runas,Grimorio antiguo,Piedra de revivir,Arco de viento
William,98,6,Arco y flechas,Cadenas de restricción,Lanza,Hacha de guerra,Arco de viento,Armadura de huesos
Demetrice,63,1,Capa de invisibilidad
Kelly3,58,2,Armadura de escamas,Espada de fuego
Alice,21,4,Ballesta,Espada de fuego,Anillo de vida,Daga
Miguel,76,8,Arco largo,Bastón de ilusiones,Cuchillo de sombras,Armadura de huesos,Piedra de revivir,Martillo de guerra,Poción de armadura,Lanza
Krystle,53,8,Cetro de sabiduría,Espada de fuego,Arco de hielo,Casco de batalla,Martillo de destrucción,Lanza,Arco de viento,Libro de hechizos
John2,97,3,Arco y flechas,Casco de batalla,Pergamino de sellado
Jessica3,70,1,Poción de velocidad
Martha,76,2,Guantes de escalada,Pergamino de invocación
Carrie,78,1,Capa de sombras
David2,19,8,Collar de serpiente,Bastón de ilusiones,Poción de invisibilidad,Espada de cristal,Casco de hierro,Cinturón de levitación,Martillo de guerra,Daga
Stephanie,95,3,Martillo de destrucción,Armadura de cristal,Varita de control mental
Marion,20,3,Guantes de destreza,Piedra de fuerza,Casco de sabiduría
Valerie,44,1,Bastón de tierra
Rufus,48,5,Espada de fuego,Poción de invisibilidad,Escudo,Martillo de guerra,Casco de cuero
Mathew,31,3,Grimorio de sombras,Flechas de fuego,Varita mágica
Rosalinda,15,1,Lanza de luz
Cheryl3,35,8,Poción de invisibilidad,Poción de escarcha,Piedra de fuerza,Escudo,Antorcha mágica,Libro de runas,Lanza,Hacha doble
Douglas,66,7,Arco de viento,Casco de respiración,Pergamino de tormenta,Collar de serpiente,Arco y flechas,Cota de malla,Poción de invisibilidad
Brandi,42,8,Capa de invisibilidad,Varita de estrellas,Cinturón de levitación,Cota de malla,Brazalete de fuerza,Martillo de destrucción,Casco de respiración,Casco de cuero
Roger,76,3,Arco de viento,Piedra de fuerza,Anillo de vida
Mary,58,8,Espada,Casco de hierro,Varita mágica,Cinturón de levitación,Cota de malla,Libro de hechizos,Piedra de teletransporte,Martillo de guerra
Kelly2,78,5,Martillo de destrucción,Casco de sabiduría,Armadura de cristal,Flechas envenenadas,Lanza de oscuridad
Pamela,26,1,Casco de sabiduría
Jessica2,97,7,Armadura de cristal,Poción de fuerza,Arco de viento,Escudo,Amuleto de curación,Cadenas de restricción,Piedra de fuerza
Fernando,83,8,Poción de invisibilidad,Cuchillo de sombras,Guantes de destreza,Escudo,Antorcha mágica,Hacha doble,Armadura de cuero,Pergamino de resurrección
Roy,63,5,Poción de vuelo,Poción de vida,Amuleto de curación,Bastón de tierra,Botas de salto
Susan,17,5,Piedra de teletransporte,Poción de armadura,Cadenas de restricción,Armadura de mithril,Daga
Shari,85,8,Botas de salto,Martillo de destrucción,Piedra de teletransporte,Grimorio antiguo,Casco de respiración,Lanza,Casco de batalla,Capa de sombras
Paul2,27,6,Lanza de oscuridad,Amuleto de curación,Anillo de evasión,Grimorio antiguo,Cetro de hielo,Ballesta
Rich,17,2,Arco de hielo,Lanza de oscuridad
Christina,68,4,Daga,Casco de visión,Armadura de huesos,Casco de batalla
Darrell,33,8,Libro de hechizos,Cuchillo de viento,Varita de control mental,Arco y flechas,Flechas envenenadas,Ballesta,Casco de respiración,Bastón de tierra
Donna,66,1,Capa del viento
Victor2,72,2,Daga,Cadenas de restricción
Timothy,18,4,Armadura de escamas,Pergamino de sellado,Ballesta pesada,Amuleto de poder
Linda4,41,8,Poción de fuerza,Poción de rapidez,Bastón de tierra,Poción de vuelo,Cetro de hielo,Hacha doble,Pergamino de invocación,Poción de resistencia
Mark,51,8,Pergamino de sellado,Hacha de piedra,Casco de cuero,Varita de estrellas,Armadura de cuero,Piedra de revivir,Varita de control mental,Flechas de fuego
Angel,59,5,Casco de batalla,Espada de fuego,Poción de rapidez,Amuleto de curación,Anillo de evasión
Robert2,47,1,Martillo de destrucción
Linda3,90,4,Capa de sombras,Botas de salto,Libro de hechizos,Bastón de tierra
Cleveland,52,7,Armadura de cuero,Armadura de huesos,Capa del viento,Capa de sombras,Anillo de teletransporte,Casco de visión,Libro de hechizos
Raymond,72,5,Escudo,Bastón de ilusiones,Escudo de espinas,Pergamino de invocación,Espada de fuego
Millie,45,7,Flechas de fuego,Botas de resistencia,Botas de agilidad,Antorcha mágica,Poción de escarcha,Armadura de mithril,Espada
Greg,29,8,Collar de serpiente,Armadura de escamas,Escudo,Grimorio antiguo,Pergamino de resurrección,Lanza,Varita de rayos,Arco largo
Matthew,61,2,Amuleto de poder,Poción de rapidez
Jay,41,1,Brazalete de fuerza
Helen,50,4,Lanza,Casco de visión,Armadura de huesos,Lanza de oscuridad
Jaime,19,7,Anillo de protección,Bastón de tierra,Varita de rayos,Pergamino de invocación,Amuleto de curación,Poción de velocidad,Ballesta
Kevin,21,2,Hacha de relámpago,Casco de cuero
Debra,64,5,Flechas de fuego,Escudo de espinas,Casco de cuero,Armadura de mithril,Anillo de vida
Ashlie,27,8,Cota de malla,Brazalete de fuerza,Lanza de luz,Collar de serpiente,Poción de curación,Poción de resistencia,Guantes de destreza,Ballesta
John,77,3,Anillo de teletransporte,Varita mágica,Bastón de tierra
Jeremy,85,4,Espada de fuego,Capa del viento,Armadura de escamas,Hacha doble
Gertrude2,16,2,Hacha de guerra,Armadura de huesos
Wilma,77,5,Anillo de teletransporte,Casco de sabiduría,Pergamino de tormenta,Libro de runas,Bastón de tierra
Kimberly,65,1,Grimorio de sombras
Patricia,18,7,Bastón de ilusiones,Martillo de guerra,Varita de rayos,Cetro de fuego,Bastón de tierra,Espada,Guantes de destreza
Dennis,73,3,Arco de viento,Casco de hierro,Escudo de espinas
Rachel,16,8,Cetro de hielo,Capa de invisibilidad,Hacha de guerra,Espada de fuego,Martillo de destrucción,Anillo de vida,Cetro de fuego,Pergamino de sellado
Robert,79,2,Espada de cristal,Poción de vuelo
Geraldine,53,5,Bastón de ilusiones,Libro de encantamientos,Pergamino de invocación,Poción de resistencia,Cetro de sabiduría
Demetria,72,4,Armadura de huesos,Casco de batalla,Grimorio de sombras,Anillo de evasión
Javier,23,4,Varita de estrellas,Arco largo,Botas de agilidad,Bastón de ilusiones
Melanie,11,7,Pergamino de sellado,Hacha de guerra,Arco de viento,Lanza,Ballesta pesada,Cetro de hielo,Espada de fuego
David,10,2,Cuchillo de viento,Escudo de espinas
Cheryl2,26,1,Poción de resistencia
Ernest,96,2,Arco y flechas,Guantes de escalada
Glenn,54,8,Cuchillo de sombras,Arco y flechas,Cota de malla,Arco largo,Varita de rayos,Pergamino de sellado,Anillo de teletransporte,Flechas envenenadas
Wanda,42,8,Piedra de revivir,Daga,Bastón de ilusiones,Hacha de guerra,Arco de viento,Poción de invisibilidad,Varita de estrellas,Capa de invisibilidad
Jeffrey2,37,4,Flechas de fuego,Varita de estrellas,Hacha doble,Pergamino de invocación
April,12,7,Pergamino de invocación,Casco de visión,Capa de invisibilidad,Lanza de luz,Amuleto de poder,Hacha de guerra,Cota de malla
Luis,49,5,Amuleto de poder,Escudo,Poción de fuerza,Libro de encantamientos,Daga
Mae,13,1,Casco de visión
Barbara,66,2,Poción de vida,Arco largo
Brian2,11,8,Arco de hielo,Guantes de destreza,Espada,Poción de sueño,Piedra de revivir,Escudo de luz,Arco y flechas,Poción de curación
Kendall,89,3,Pergamino de tormenta,Poción de resistencia,Armadura de cristal
Jeffery,61,7,Martillo de destrucción,Brazalete de fuerza,Cuchillo de sombras,Martillo de guerra,Libro de encantamientos,Varita de estrellas,Poción de vuelo
Gertrude,25,7,Libro de hechizos,Casco de cuero,Poción de velocidad,Capa de sombras,Armadura de cristal,Cetro de hielo,Poción de fuerza
Daniel,98,5,Collar de serpiente,Amuleto de curación,Espada de cristal,Hacha doble,Lanza
Robin,36,5,Martillo de destrucción,Grimorio de sombras,Casco de visión,Armadura de acero,Libro de runas
Brian,35,2,Hacha de piedra,Varita de rayos
Jim,33,8,Collar de serpiente,Poción de armadura,Arco largo,Casco de batalla,Hacha de piedra,Escudo de madera,Capa de sombras,Varita de control mental
Regina,34,6,Ballesta pesada,Guantes de escalada,Poción de rapidez,Cota de malla,Poción de sueño,Arco largo
Jordan,25,1,Espada
Marcia,54,4,Poción de invisibilidad,Piedra de teletransporte,Casco de respiración,Escudo de espinas
Jeffrey,95,4,Poción de velocidad,Casco de cuero,Grimorio de sombras,Escudo de madera
Jennifer,69,1,Casco de batalla
Linda2,88,7,Hacha de relámpago,Cetro de hielo,Anillo de evasión,Piedra de teletransporte,Arco de viento,Pergamino de resurrección,Armadura de cristal
Ellis,27,1,Ballesta pesada
Janice,17,2,Espada de fuego,Guantes de destreza
Walter,43,3,Varita de control mental,Poción de regeneración,Libro de runas
Debbie,48,1,Amuleto de curación
Stella,42,1,Espada de cristal
Janette,24,8,Daga,Lanza,Poción de curación,Varita de estrellas,Flechas de fuego,Hacha de piedra,Botas de agilidad,Anillo de evasión
Steven,36,2,Pergamino de sellado,Poción de armadura
Peter,70,8,Cetro de sabiduría,Poción de vida,Cota de malla,Botas de agilidad,Arco de hielo,Ballesta,Casco de batalla,Poción de rapidez
Elizabeth,76,6,Cuchillo de viento,Botas de agilidad,Varita de estrellas,Poción de invisibilidad,Guantes de escalada,Escudo
Marjorie,57,4,Amuleto de curación,Piedra de fuerza,Poción de escarcha,Bastón de ilusiones
Linda,54,2,Escudo,Armadura de cristal
Paul,64,1,Bastón de tierra
Hector,77,3,Poción de regeneración,Casco de visión,Cuchillo de viento
Jan,10,3,Martillo de guerra,Piedra de iluminación,Botas de agilidad
Stacy,78,5,Pergamino de invocación,Flechas envenenadas,Varita de control mental,Varita de estrellas,Cuchillo de viento
Kelly,81,3,Lanza,Cinturón de levitación,Amuleto de poder
Sophie,69,8,Arco de viento,Poción de vida,Pergamino de sellado,Martillo de destrucción,Escudo de espinas,Cuchillo de viento,Flechas envenenadas,Libro de hechizos
Joseph,70,6,Pergamino de sellado,Guantes de escalada,Anillo de protección,Varita de control mental,Casco de cuero,Poción de velocidad
Russell,87,6,Anillo de evasión,Poción de escarcha,Capa de invisibilidad,Poción de vuelo,Varita de estrellas,Poción de vida
Amanda,94,6,Armadura de cuero,Hacha de relámpago,Lanza de oscuridad,Poción de curación,Amuleto de curación,Cetro de sabiduría
Phyllis,67,4,Espada,Amuleto de poder,Bastón de ilusiones,Capa de sombras
Babara,46,8,Hacha de piedra,Bastón de tierra,Cetro de fuego,Daga,Botas de resistencia,Piedra de revivir,Poción de rapidez,Capa del viento
George,33,6,Ballesta pesada,Casco de batalla,Cadenas de restricción,Libro de runas,Arco y flechas,Espada
Michael,73,8,Espada,Casco de respiración,Arco largo,Guantes de escalada,Arco de hielo,Pergamino de resurrección,Poción de sueño,Piedra de teletransporte
Christopher,21,8,Escudo,Grimorio antiguo,Poción de sueño,Libro de hechizos,Grimorio de sombras,Cetro de hielo,Capa de sombras,Cuchillo de viento
Micheal,23,7,Lanza de oscuridad,Cetro de fuego,Lanza de luz,Hacha de piedra,Grimorio de sombras,Poción de regeneración,Hacha de guerra
Pedro,16,5,Anillo de vida,Poción de escarcha,Casco de respiración,Libro de runas,Botas de agilidad
Lisa,60,7,Hacha de guerra,Cinturón de levitación,Poción de velocidad,Lanza de luz,Casco de sabiduría,Hacha de piedra,Escudo de espinas
Andrew,87,8,Grimorio de sombras,Brazalete de fuerza,Anillo de protección,Arco de viento,Cuchillo arrojadizo,Ballesta pesada,Casco de visión,Poción de regeneración
Neil,81,2,Armadura de acero,Brazalete de fuerza
Nicki,77,7,Espada de cristal,Espada de fuego,Guantes de escalada,Ballesta,Botas de resistencia,Cuchillo de sombras,Bastón de tierra
Cheryl,25,7,Pergamino de sellado,Escudo de espinas,Poción de vida,Espada de cristal,Cadenas de restricción,Lanza de oscuridad,Casco de respiración
Anthony,92,8,Poción de resistencia,Varita de rayos,Collar de serpiente,Piedra de teletransporte,Poción de vuelo,Pergamino de tormenta,Cuchillo de viento,Lanza
Theresa,24,7,Guantes de escalada,Bastón de ilusiones,Espada,Casco de batalla,Armadura de huesos,Cadenas de restricción,Lanza
Leona,79,3,Armadura de cristal,Grimorio de sombras,Botas de salto
Sara,42,5,Amuleto de curación,Cadenas de restricción,Varita de control mental,Bastón de tierra,Casco de sabiduría
Angela,49,1,Poción de resistencia
Victor,51,5,Amuleto de poder,Cinturón de levitación,Poción de rapidez,Daga,Armadura de acero
Bobby,78,6,Cetro de fuego,Guantes de destreza,Botas de resistencia,Armadura de mithril,Varita de control mental,Piedra de iluminación
Charles,69,8,Pergamino de resurrección,Botas de salto,Cuchillo de sombras,Casco de respiración,Piedra de revivir,Arco largo,Poción de curación,Varita de control mental
Jessica,90,1,Casco de hierro
Gracie,96,3,Hacha de piedra,Hacha de relámpago,Casco de cuero
Nombre,0,0
